{"encoded_solution": [-1, 106, 151, 110, 55, 38, 71, 114, 66, 17, 76], "best_fitness": [-1.0, -1.0, -1.0, -1.0, -1.0, -1.0, -1.0, -1.0, -1.0, -1.0, -1.0], "best_positions": [[0.10274825811608645, 0.7636965682019726, 0.23501698600904952, 0.9702116736233642, 0.026238531303159673, 0.7429228384524472, 0.8086248576568755, 0.06884797423727329, 0.9402740091152898, 0.3966352499086713, 0.8459146305142653, 0.5859067445539621, 0.0001901720857109268, 0.9118345702667325, 0.5018669853557725, 0.23662537845934273, 0.44931037771901905, 0.23472946161494113, 0.8452638959108129, 0.3888903992469108, 0.3434854842437085, 0.5279229560854585, 0.2964524972999686, 0.3725942977033254, 0.7621804544321816, 0.00779207274046656, 0.06888032379284792, 0.7418875993282821, 0.7330987969242395, 0.323004346220943, 0.27398374814958426, 0.0745748164577057, 0.4253832602002816, 0.9046437253899919, 0.13101825371101994, 0.31609133294172875, 0.7479535774439698, 0.3065986139766165, 0.7728194785431602, 0.9440746715471308, 0.385683320445831, 0.5784456213640057, 0.18733187268866636, 0.9899024154497387, 0.2441937446327077, 0.2815062518277315, 0.05538994424889998, 0.10010384467178512, 0.4723689365950908, 0.23786685895672155], [0.10274825811608645, 0.7636965682019726, 0.23501698600904952, 0.9702116736233642, 0.026238531303159673, 0.7429228384524472, 0.8086248576568755, 0.06884797423727329, 0.9402740091152898, 0.3966352499086713, 0.8459146305142653, 0.5859067445539621, 0.0001901720857109268, 0.9118345702667325, 0.5018669853557725, 0.23662537845934273, 0.44931037771901905, 0.23472946161494113, 0.8452638959108129, 0.3888903992469108, 0.3434854842437085, 0.5279229560854585, 0.2964524972999686, 0.3725942977033254, 0.7621804544321816, 0.00779207274046656, 0.06888032379284792, 0.7418875993282821, 0.7330987969242395, 0.323004346220943, 0.27398374814958426, 0.0745748164577057, 0.4253832602002816, 0.9046437253899919, 0.13101825371101994, 0.31609133294172875, 0.7479535774439698, 0.3065986139766165, 0.7728194785431602, 0.9440746715471308, 0.385683320445831, 0.5784456213640057, 0.18733187268866636, 0.9899024154497387, 0.2441937446327077, 0.2815062518277315, 0.05538994424889998, 0.10010384467178512, 0.4723689365950908, 0.23786685895672155], [0.10274825811608645, 0.7636965682019726, 0.23501698600904952, 0.9702116736233642, 0.026238531303159673, 0.7429228384524472, 0.8086248576568755, 0.06884797423727329, 0.9402740091152898, 0.3966352499086713, 0.8459146305142653, 0.5859067445539621, 0.0001901720857109268, 0.9118345702667325, 0.5018669853557725, 0.23662537845934273, 0.44931037771901905, 0.23472946161494113, 0.8452638959108129, 0.3888903992469108, 0.3434854842437085, 0.5279229560854585, 0.2964524972999686, 0.3725942977033254, 0.7621804544321816, 0.00779207274046656, 0.06888032379284792, 0.7418875993282821, 0.7330987969242395, 0.323004346220943, 0.27398374814958426, 0.0745748164577057, 0.4253832602002816, 0.9046437253899919, 0.13101825371101994, 0.31609133294172875, 0.7479535774439698, 0.3065986139766165, 0.7728194785431602, 0.9440746715471308, 0.385683320445831, 0.5784456213640057, 0.18733187268866636, 0.9899024154497387, 0.2441937446327077, 0.2815062518277315, 0.05538994424889998, 0.10010384467178512, 0.4723689365950908, 0.23786685895672155], [0.6307362546434144, 0.2928300577231545, 0.4746383934345094, 0.9853187449616395, 0.40209651293859294, 0.39856723945118233, 0.24157615117094788, 0.17571766401214972, 0.5666562735509186, 0.844013956708689, 0.9743794802728112, 0.09306299557879838, 0.2629371029188823, 0.09702539220414785, 0.13674831160196232, 0.23102506792716426, 0.53653502822625, 0.5717290125723716, 0.9323998598119859, 0.8910515560643514, 0.4605334637126046, 0.8402320557261633, 0.5266229442418601, 0.17254495223433441, 0.474042693506909, 0.05795498820569411, 0.5916196602150025, 0.3182758548010043, 0.21675051757300368, 0.9010879472266267, 0.1248265867442927, 0.6626916092045607, 0.022280109051816432, 0.11420562358932385, 0.8842837345491199, 0.08746986375235277, 0.45800082194710634, 0.8454953381271364, 0.2577498175564886, 0.3148362473431814, 0.35842561775737936, 0.911764600043967, 0.2256400386106675, 0.7010465422038268, 0.4973537119636451, 0.20666464524347228, 0.35541654677289214, 0.9926144240676221, 0.7620460717989662, 0.6646315135015191], [0.6307362546434144, 0.2928300577231545, 0.4746383934345094, 0.9853187449616395, 0.40209651293859294, 0.39856723945118233, 0.24157615117094788, 0.17571766401214972, 0.5666562735509186, 0.844013956708689, 0.9743794802728112, 0.09306299557879838, 0.2629371029188823, 0.09702539220414785, 0.13674831160196232, 0.23102506792716426, 0.53653502822625, 0.5717290125723716, 0.9323998598119859, 0.8910515560643514, 0.4605334637126046, 0.8402320557261633, 0.5266229442418601, 0.17254495223433441, 0.474042693506909, 0.05795498820569411, 0.5916196602150025, 0.3182758548010043, 0.21675051757300368, 0.9010879472266267, 0.1248265867442927, 0.6626916092045607, 0.022280109051816432, 0.11420562358932385, 0.8842837345491199, 0.08746986375235277, 0.45800082194710634, 0.8454953381271364, 0.2577498175564886, 0.3148362473431814, 0.35842561775737936, 0.911764600043967, 0.2256400386106675, 0.7010465422038268, 0.4973537119636451, 0.20666464524347228, 0.35541654677289214, 0.9926144240676221, 0.7620460717989662, 0.6646315135015191], [0.6307362546434144, 0.2928300577231545, 0.4746383934345094, 0.9853187449616395, 0.40209651293859294, 0.39856723945118233, 0.24157615117094788, 0.17571766401214972, 0.5666562735509186, 0.844013956708689, 0.9743794802728112, 0.09306299557879838, 0.2629371029188823, 0.09702539220414785, 0.13674831160196232, 0.23102506792716426, 0.53653502822625, 0.5717290125723716, 0.9323998598119859, 0.8910515560643514, 0.4605334637126046, 0.8402320557261633, 0.5266229442418601, 0.17254495223433441, 0.474042693506909, 0.05795498820569411, 0.5916196602150025, 0.3182758548010043, 0.21675051757300368, 0.9010879472266267, 0.1248265867442927, 0.6626916092045607, 0.022280109051816432, 0.11420562358932385, 0.8842837345491199, 0.08746986375235277, 0.45800082194710634, 0.8454953381271364, 0.2577498175564886, 0.3148362473431814, 0.35842561775737936, 0.911764600043967, 0.2256400386106675, 0.7010465422038268, 0.4973537119636451, 0.20666464524347228, 0.35541654677289214, 0.9926144240676221, 0.7620460717989662, 0.6646315135015191], [0.6307362546434144, 0.2928300577231545, 0.4746383934345094, 0.9853187449616395, 0.40209651293859294, 0.39856723945118233, 0.24157615117094788, 0.17571766401214972, 0.5666562735509186, 0.844013956708689, 0.9743794802728112, 0.09306299557879838, 0.2629371029188823, 0.09702539220414785, 0.13674831160196232, 0.23102506792716426, 0.53653502822625, 0.5717290125723716, 0.9323998598119859, 0.8910515560643514, 0.4605334637126046, 0.8402320557261633, 0.5266229442418601, 0.17254495223433441, 0.474042693506909, 0.05795498820569411, 0.5916196602150025, 0.3182758548010043, 0.21675051757300368, 0.9010879472266267, 0.1248265867442927, 0.6626916092045607, 0.022280109051816432, 0.11420562358932385, 0.8842837345491199, 0.08746986375235277, 0.45800082194710634, 0.8454953381271364, 0.2577498175564886, 0.3148362473431814, 0.35842561775737936, 0.911764600043967, 0.2256400386106675, 0.7010465422038268, 0.4973537119636451, 0.20666464524347228, 0.35541654677289214, 0.9926144240676221, 0.7620460717989662, 0.6646315135015191], [0.6307362546434144, 0.2928300577231545, 0.4746383934345094, 0.9853187449616395, 0.40209651293859294, 0.39856723945118233, 0.24157615117094788, 0.17571766401214972, 0.5666562735509186, 0.844013956708689, 0.9743794802728112, 0.09306299557879838, 0.2629371029188823, 0.09702539220414785, 0.13674831160196232, 0.23102506792716426, 0.53653502822625, 0.5717290125723716, 0.9323998598119859, 0.8910515560643514, 0.4605334637126046, 0.8402320557261633, 0.5266229442418601, 0.17254495223433441, 0.474042693506909, 0.05795498820569411, 0.5916196602150025, 0.3182758548010043, 0.21675051757300368, 0.9010879472266267, 0.1248265867442927, 0.6626916092045607, 0.022280109051816432, 0.11420562358932385, 