{"encoded_solution": [-1, 36, 79, 167, 65, 142], "best_fitness": [-1.0, -1.0, -1.0, -1.0, -1.0, -1.0], "best_positions": [[0.8831160862844133, 0.05976534579366777, 0.5514834183730055, 0.9359611518984438, 0.7409820536349505, 0.17213106137541212, 0.7720890708004203, 0.2815612876948562, 0.10385200700434316, 0.8937636194535982, 0.3757453058992847, 0.78924813501748, 0.020148989256995598, 0.16545834512168456, 0.4822304584910233, 0.6360232931949483, 0.3550622268640349, 0.9239544817605576, 0.905502228041278, 0.6130735019164683, 0.14950531297214542, 0.7146977526009046, 0.8432566275256758, 0.19605898189025894, 0.1311871213171102, 0.0040054185929147, 0.12063628073874932, 0.07715029820702335, 0.5077402198953435, 0.0020763968891525098, 0.8893502886814298, 0.9502605158614799, 0.8511347549224219, 0.6727089372770741, 0.8225277552305575, 0.6962574410897302, 0.45095195359073903, 0.7355352774093721, 0.33538983874653294, 0.701501249842593, 0.5380215307489595, 0.7145468640170338, 0.4990916429263168, 0.34205915298122014, 0.2008826145497178, 0.5403511005057052, 0.6045986835802173, 0.3573716728024473, 0.5856432950682364, 0.5618449039188042], [0.8831160862844133, 0.05976534579366777, 0.5514834183730055, 0.9359611518984438, 0.7409820536349505, 0.17213106137541212, 0.7720890708004203, 0.2815612876948562, 0.10385200700434316, 0.8937636194535982, 0.3757453058992847, 0.78924813501748, 0.020148989256995598, 0.16545834512168456, 0.4822304584910233, 0.6360232931949483, 0.3550622268640349, 0.9239544817605576, 0.905502228041278, 0.6130735019164683, 0.14950531297214542, 0.7146977526009046, 0.8432566275256758, 0.19605898189025894, 0.1311871213171102, 0.0040054185929147, 0.12063628073874932, 0.07715029820702335, 0.5077402198953435, 0.0020763968891525098, 0.8893502886814298, 0.9502605158614799, 0.8511347549224219, 0.6727089372770741, 0.8225277552305575, 0.6962574410897302, 0.45095195359073903, 0.7355352774093721, 0.33538983874653294, 0.701501249842593, 0.5380215307489595, 0.7145468640170338, 0.4990916429263168, 0.34205915298122014, 0.2008826145497178, 0.5403511005057052, 0.6045986835802173, 0.3573716728024473, 0.5856432950682364, 0.5618449039188042], [0.8831160862844133, 0.05976534579366777, 0.5514834183730055, 0.9359611518984438, 0.7409820536349505, 0.17213106137541212, 0.7720890708004203, 0.2815612876948562, 0.10385200700434316, 0.8937636194535982, 0.3757453058992847, 0.78924813501748, 0.020148989256995598, 0.16545834512168456, 0.4822304584910233, 0.6360232931949483, 0.3550622268640349, 0.9239544817605576, 0.905502228041278, 0.6130735019164683, 0.14950531297214542, 0.7146977526009046, 0.8432566275256758, 0.19605898189025894, 0.1311871213171102, 0.0040054185929147, 0.12063628073874932, 0.07715029820702335, 0.5077402198953435, 0.0020763968891525098, 0.8893502886814298, 0.9502605158614799, 0.8511347549224219, 0.6727089372770741, 0.8225277552305575, 0.6962574410897302, 0.45095195359073903, 0.7355352774093721, 0.33538983874653294, 0.701501249842593, 0.5380215307489595, 0.7145468640170338, 0.4990916429263168, 0.34205915298122014, 0.2008826145497178, 0.5403511005057052, 0.6045986835802173, 0.3573716728024473, 0.5856432950682364, 0.5618449039188042], [0.8831160862844133, 0.05976534579366777, 0.5514834183730055, 0.9359611518984438, 0.7409820536349505, 0.17213106137541212, 0.7720890708004203, 0.2815612876948562, 0.10385200700434316, 0.8937636194535982, 0.3757453058992847, 0.78924813501748, 0.020148989256995598, 0.16545834512168456, 0.4822304584910233, 0.6360232931949483, 0.3550622268640349, 0.9239544817605576, 0.905502228041278, 0.6130735019164683, 0.14950531297214542, 0.7146977526009046, 0.8432566275256758, 0.19605898189025894, 0.1311871213171102, 0.0040054185929147, 0.12063628073874932, 0.07715029820702335, 0.5077402198953435, 0.0020763968891525098, 0.8893502886814298, 0.9502605158614799, 0.8511347549224219, 0.6727089372770741, 0.8225277552305575, 0.6962574410897302, 0.45095195359073903, 0.7355352774093721, 0.33538983874653294, 0.701501249842593, 0.5380215307489595, 0.7145468640170338, 0.4990916429263168, 0.34205915298122014, 0.2008826145497178, 0.5403511005057052, 0.6045986835802173, 0.3573716728024473, 0.5856432950682364, 0.5618449039188042], [0.8831160862844133, 0.05976534579366777, 0.5514834183730055, 0.9359611518984438, 0.7409820536349505, 0.17213106137541212, 0.7720890708004203, 0.2815612876948562, 0.10385200700434316, 0.8937636194535982, 0.3757453058992847, 0.78924813501748, 0.020148989256995598, 0.16545834512168456, 0.4822304584910233, 0.6360232931949483, 0.3550622268640349, 0.9239544817605576, 0.905502228041278, 0.6130735019164683, 0.14950531297214542, 0.7146977526009046, 0.8432566275256758, 0.19605898189025894, 0.1311871213171102, 0.0040054185929147, 0.12063628073874932, 0.07715029820702335, 0.5077402198953435, 0.0020763968891525098, 0.8893502886814298, 0.9502605158614799, 0.8511347549224219, 0.6727089372770741, 0.8225277552305575, 0.6962574410897302, 0.45095195359073903, 0.7355352774093721, 0.33538983874653294, 0.701501249842593, 0.5380215307489595, 0.7145468640170338, 0.4990916429263168, 0.34205915298122014, 0.2008826145497178, 0.5403511005057052, 0.6045986835802173, 0.3573716728024473, 0.5856432950682364, 0.5618449039188042], [0.8831160862844133, 0.05976534579366777, 0.5514834183730055, 0.9359611518984438, 0.7409820536349505, 0.17213106137541212, 0.7720890708004203, 0.2815612876948562, 0.10385200700434316, 0.8937636194535982, 0.3757453058992847, 0.78924813501748, 0.020148989256995598, 0.16545834512168456, 0.4822304584910233, 0.6360232931949483, 0.3550622268640349, 0.9239544817605576, 0.905502228041278, 0.6130735019164683, 0.14950531297214542, 0.7146977526009046, 0.8432566275256758, 0.19605898189025894, 0.1311871213171102, 0.0040054185929147, 0.12063628073874932, 0.07715029820702335, 0.5077402198953435, 0.0020763968891525098, 0.8893502886814298, 0.9502605158614799, 0.8511347549224219, 0.6727089372770741, 0.8225277552305575, 0.6962574410897302, 0.45095195359073903, 0.7355352774093721, 0.33538983874653294, 0.701501249842593, 0.5380215307489595, 0.7145468640170338, 0.4990916429263168, 0.34205915298122014, 0.2008826145497178, 0.5403511005057052, 0.6045986835802173, 0.3573716728024473, 0.5856432950682364, 0.5618449039188042]], "details": {"fitness_per_rep": [[-1.0, -1.0, -1.0, -1.0, -1.0, -1.0]], "sequence_per_rep": [[-1, 36, 79, 167, 65, 142]], "weight_matrix": null}}