{"encoded_solution": [-1, 76, 119, 115, 7, 149, 108, 118, 155, 185, 79], "best_fitness": [-1.0, -1.0, -1.0, -1.0, -1.0, -1.0, -1.0, -1.0, -1.0, -1.0, -1.0], "best_positions": [[0.3581053498653196, 0.17776076654642892, 0.7419512839860305, 0.964543312646757, 0.2980561787510465, 0.7338397419222604, 0.011260109842872512, 0.22402111520346224, 0.2999592557867288, 0.8888509067185268, 0.4799942412443091, 0.6590508407192347, 0.6742748172575316, 0.1686605898438337, 0.9325009453996426, 0.3946242913326893, 0.7480742386979364, 0.46960027844201047, 0.3637559494086696, 0.7279823926536226, 0.6326448182850103, 0.3937881358925105, 0.941260790416721, 0.49949219106973786, 0.5312262949960552, 0.20134569619075682, 0.6233916131559949, 0.6723597733918502, 0.9828873818555275, 0.09770078547976313, 0.9073052551470716, 0.5655735616761225, 0.46181794489051753, 0.8784893200181407, 0.414210835489529, 0.2047603314791252, 0.8782209896932341, 0.997502858330204, 0.4136258750059505, 0.329252425957246, 0.6588590525946709, 0.9725207659163649, 0.3151028135291619, 0.911757470260915, 0.0718921398417508, 0.24715360012354404, 0.09387244799016314, 0.2758047835569657, 0.8909221349903612, 0.05124855700829345], [0.3581053498653196, 0.17776076654642892, 0.7419512839860305, 0.964543312646757, 0.2980561787510465, 0.7338397419222604, 0.011260109842872512, 0.22402111520346224, 0.2999592557867288, 0.8888509067185268, 0.4799942412443091, 0.6590508407192347, 0.6742748172575316, 0.1686605898438337, 0.9325009453996426, 0.3946242913326893, 0.7480742386979364, 0.46960027844201047, 0.3637559494086696, 0.7279823926536226, 0.6326448182850103, 0.3937881358925105, 0.941260790416721, 0.49949219106973786, 0.5312262949960552, 0.20134569619075682, 0.6233916131559949, 0.6723597733918502, 0.9828873818555275, 0.09770078547976313, 0.9073052551470716, 0.5655735616761225, 0.46181794489051753, 0.8784893200181407, 0.414210835489529, 0.2047603314791252, 0.8782209896932341, 0.997502858330204, 0.4136258750059505, 0.329252425957246, 0.6588590525946709, 0.9725207659163649, 0.3151028135291619, 0.911757470260915, 0.0718921398417508, 0.24715360012354404, 0.09387244799016314, 0.2758047835569657, 0.8909221349903612, 0.05124855700829345], [0.3581053498653196, 0.17776076654642892, 0.7419512839860305, 0.964543312646757, 0.2980561787510465, 0.7338397419222604, 0.011260109842872512, 0.22402111520346224, 0.2999592557867288, 0.8888509067185268, 0.4799942412443091, 0.6590508407192347, 0.6742748172575316, 0.1686605898438337, 0.9325009453996426, 0.3946242913326893, 0.7480742386979364, 0.46960027844201047, 0.3637559494086696, 0.7279823926536226, 0.6326448182850103, 0.3937881358925105, 0.941260790416721, 0.49949219106973786, 0.5312262949960552, 0.20134569619075682, 0.6233916131559949, 0.6723597733918502, 0.9828873818555275, 0.09770078547976313, 0.9073052551470716, 0.5655735616761225, 0.46181794489051753, 0.8784893200181407, 0.414210835489529, 0.2047603314791252, 0.8782209896932341, 0.997502858330204, 0.4136258750059505, 0.329252425957246, 0.6588590525946709, 0.9725207659163649, 0.3151028135291619, 0.911757470260915, 0.0718921398417508, 0.24715360012354404, 0.09387244799016314, 0.2758047835569657, 0.8909221349903612, 0.05124855700829345], [0.3581053498653196, 0.17776076654642892, 0.7419512839860305, 0.964543312646757, 0.2980561787510465, 0.7338397419222604, 0.011260109842872512, 0.22402111520346224, 0.2999592557867288, 0.8888509067185268, 0.4799942412443091, 0.6590508407192347, 0.6742748172575316, 0.1686605898438337, 0.9325009453996426, 0.3946242913326893, 0.7480742386979364, 0.46960027844201047, 0.3637559494086696, 0.7279823926536226, 0.6326448182850103, 0.3937881358925105, 0.941260790416721, 0.49949219106973786, 0.5312262949960552, 0.20134569619075682, 0.6233916131559949, 0.6723597733918502, 0.9828873818555275, 0.09770078547976313, 0.9073052551470716, 0.5655735616761225, 0.46181794489051753, 0.8784893200181407, 0.414210835489529, 0.2047603314791252, 0.8782209896932341, 0.997502858330204, 0.4136258750059505, 0.329252425957246, 0.6588590525946709, 0.9725207659163649, 0.3151028135291619, 0.911757470260915, 0.0718921398417508, 0.24715360012354404, 0.09387244799016314, 0.2758047835569657, 0.8909221349903612, 0.05124855700829345], [0.3581053498653196, 0.17776076654642892, 0.7419512839860305, 0.964543312646757, 0.2980561787510465, 0.7338397419222604, 0.011260109842872512, 0.22402111520346224, 0.2999592557867288, 0.8888509067185268, 0.4799942412443091, 0.6590508407192347, 0.6742748172575316, 0.1686605898438337, 0.9325009453996426, 0.3946242913326893, 0.7480742386979364, 0.46960027844201047, 0.3637559494086696, 0.7279823926536226, 0.6326448182850103, 0.3937881358925105, 0.941260790416721, 0.49949219106973786, 0.5312262949960552, 0.20134569619075682, 0.6233916131559949, 0.6723597733918502, 0.9828873818555275, 0.09770078547976313, 0.9073052551470716, 0.5655735616761225, 0.46181794489051753, 0.8784893200181407, 0.414210835489529, 0.2047603314791252, 0.8782209896932341, 0.997502858330204, 0.4136258750059505, 0.329252425957246, 0.6588590525946709, 0.9725207659163649, 0.3151028135291619, 0.911757470260915, 0.0718921398417508, 0.24715360012354404, 0.09387244799016314, 0.2758047835569657, 0.8909221349903612, 0.05124855700829345], [0.8168679374564488, 0.9787582333930794, 0.3208912698038551, 0.2913022188482993, 0.8667830969491223, 0.9757588014969365, 0.23900913431571424, 0.6827230811955262, 0.8524967173473444, 0.3644434945158801, 0.6611447309798578, 0.7171662273699196, 0.4567512014682841, 0.35293478547570034, 0.5763455530515162, 0.30164922065108657, 0.1787709508933707, 0.7144179787846658, 0.2891354176228699, 0.0803444929122199, 0.736751737588259, 0.45731818586598794, 0.3335531350760099, 0.43374454620740777, 0.44973783699988257, 0.11000795047752165, 0.8947467301303818, 0.5353694281562471, 0.38529048404949773, 0.08610462994597379, 0.778487796032774, 0.1480315978582053, 0.41826264805755875, 0.12327052648304149, 0.690884227192487, 0.3428564888537545, 0.5094968548690532, 0.4695573264803933, 0.0010109438071668198, 0.22438568084009658, 0.9407477284222641, 0.703008860754973, 0.23316194798465728, 0.8363867092769532, 0.05410987199612971, 0.31926324337722267, 0.3892848716966455, 0.6140318873618988, 0.9035681189206562, 0.4999971935027506], [0.8168679374564488, 0.9787582333930794, 0.3208912698038551, 0.2913022188482993, 0.8667830969491223, 0.9757588014969365, 0.23900913431571424, 0.6827230811955262, 0.8524967173473444, 0.3644434945158801, 0.6611447309798578, 0.7171662273699196, 0.4567512014682841, 0.35293478547570034, 0.5763455530515162, 0.30164922065108657, 0.1787709508933707, 0.7144179787846658, 0.2891354176228699, 0.0803444929122199, 0.736751737588259, 0.45731818586598794, 0.3335531350760099, 0.43374454620740777, 0.44973783699988257, 0.11000795047752165, 0.8947467301303818, 0.5353694281562471, 0.38529048404949773, 0.08610462994597379, 0.778487796032774, 0.1480315978582053, 0.41826264805755875, 0.12327052648304149, 0.690884227192487, 0.3428564888537545, 0.5094968548690532, 0.4695573264803933, 0.0010109438071668198, 0.22438568084009658, 0.9407477284222641, 0.703008860754973, 0.23316194798465728, 0.8363867092769532, 0.05410987199612971, 0.31926324337722267, 0.3892848716966455, 0.6140318873618988, 0.9035681189206562, 0.4999971935027506], [0.8168679374564488, 0.9787582333930794, 0.3208912698038551, 0.2913022188482993, 0.8667830969491223, 0.9757588014969365, 0.23900913431571424, 0.6827230811955262, 0.8524967173473444, 0.3644434945158801, 0.6611447309798578, 0.7171662273699196, 0.4567512014682841, 0.35293478547570034, 0.5763455530515162, 0.30164922065108657, 0.1787709508933707, 0.7144179787846658, 0.2891354176228699, 0.0803444929122199, 0.736751737588259, 0.45731818586598794, 0.3335531350760099, 0.43374454620740777, 0.44973783699988257, 0.11000795047752165, 0.8947467301303818, 0.5353694281562471, 0.38529048404949773, 0.08610462994597379, 0.778487796032774, 0.1480315978582053, 0.41826264805755875, 0.12327052648304149, 0.690884227192487, 0.3428564888537545, 0.5094968548690532, 