{"encoded_solution": [-1, 29, 155, 174, 74, 113, 0, 15, 174, 182, 173], "best_fitness": [-1.0, -1.0, -1.0, -1.0, -1.0, -1.0, -1.0, -1.0, -1.0, -1.0, -1.0], "best_positions": [[0.19094171127796555, 0.4154765422876504, 0.052782258649777036, 0.16565749396286555, 0.05906415399550358, 0.15898516973543908, 0.49984914982455875, 0.7931601214598574, 0.3072166274092665, 0.9273028280191747, 0.9005379624538187, 0.054939299845289224, 0.5148049285954169, 0.4523083005342078, 0.49110633800708736, 0.0843789235516692, 0.6157210922655355, 0.16750742593603996, 0.05592385325652682, 0.6218358374135114, 0.6696901711009123, 0.1344606400973225, 0.41809633950895, 0.5650307104100023, 0.09133583906338605, 0.7654638870571765, 0.27875663816712126, 0.2837781699455133, 0.3365983096454769, 0.18953694053952141, 0.5746619403228413, 0.4478646971343202, 0.48027232624083793, 0.8265759679538793, 0.8700770980672966, 0.25567599199092605, 0.8630370883080882, 0.3430213932895986, 0.2637910254389011, 0.6173383082760421, 0.27278159597116514, 0.977925980660067, 0.7211450253157959, 0.3326320666717282, 0.49433676492844003, 0.25619776194394583, 0.021713749572394248, 0.43889374829997807, 0.15899502224450068, 0.47661162083288844], [0.19094171127796555, 0.4154765422876504, 0.052782258649777036, 0.16565749396286555, 0.05906415399550358, 0.15898516973543908, 0.49984914982455875, 0.7931601214598574, 0.3072166274092665, 0.9273028280191747, 0.9005379624538187, 0.054939299845289224, 0.5148049285954169, 0.4523083005342078, 0.49110633800708736, 0.0843789235516692, 0.6157210922655355, 0.16750742593603996, 0.05592385325652682, 0.6218358374135114, 0.6696901711009123, 0.1344606400973225, 0.41809633950895, 0.5650307104100023, 0.09133583906338605, 0.7654638870571765, 0.27875663816712126, 0.2837781699455133, 0.3365983096454769, 0.18953694053952141, 0.5746619403228413, 0.4478646971343202, 0.48027232624083793, 0.8265759679538793, 0.8700770980672966, 0.25567599199092605, 0.8630370883080882, 0.3430213932895986, 0.2637910254389011, 0.6173383082760421, 0.27278159597116514, 0.977925980660067, 0.7211450253157959, 0.3326320666717282, 0.49433676492844003, 0.25619776194394583, 0.021713749572394248, 0.43889374829997807, 0.15899502224450068, 0.47661162083288844], [0.19094171127796555, 0.4154765422876504, 0.052782258649777036, 0.16565749396286555, 0.05906415399550358, 0.15898516973543908, 0.49984914982455875, 0.7931601214598574, 0.3072166274092665, 0.9273028280191747, 0.9005379624538187, 0.054939299845289224, 0.5148049285954169, 0.4523083005342078, 0.49110633800708736, 0.0843789235516692, 0.6157210922655355, 0.16750742593603996, 0.05592385325652682, 0.6218358374135114, 0.6696901711009123, 0.1344606400973225, 0.41809633950895, 0.5650307104100023, 0.09133583906338605, 0.7654638870571765, 0.27875663816712126, 0.2837781699455133, 0.3365983096454769, 0.18953694053952141, 0.5746619403228413, 0.4478646971343202, 0.48027232624083793, 0.8265759679538793, 0.8700770980672966, 0.25567599199092605, 0.8630370883080882, 0.3430213932895986, 0.2637910254389011, 0.6173383082760421, 0.27278159597116514, 0.977925980660067, 0.7211450253157959, 0.3326320666717282, 0.49433676492844003, 0.25619776194394583, 0.021713749572394248, 0.43889374829997807, 0.15899502224450068, 0.47661162083288844], [0.19094171127796555, 0.4154765422876504, 0.052782258649777036, 0.16565749396286555, 0.05906415399550358, 0.15898516973543908, 0.49984914982455875, 0.7931601214598574, 0.3072166274092665, 0.9273028280191747, 0.9005379624538187, 0.054939299845289224, 0.5148049285954169, 0.4523083005342078, 0.49110633800708736, 0.0843789235516692, 0.6157210922655355, 0.16750742593603996, 0.05592385325652682, 0.6218358374135114, 0.6696901711009123, 0.1344606400973225, 0.41809633950895, 0.5650307104100023, 0.09133583906338605, 0.7654638870571765, 0.27875663816712126, 0.2837781699455133, 0.3365983096454769, 0.18953694053952141, 0.5746619403228413, 0.4478646971343202, 0.48027232624083793, 0.8265759679538793, 0.8700770980672966, 0.25567599199092605, 0.8630370883080882, 0.3430213932895986, 0.2637910254389011, 0.6173383082760421, 0.27278159597116514, 0.977925980660067, 0.7211450253157959, 0.3326320666717282, 0.49433676492844003, 0.25619776194394583, 0.021713749572394248, 0.43889374829997807, 0.15899502224450068, 0.47661162083288844], [0.19094171127796555, 0.4154765422876504, 0.052782258649777036, 0.16565749396286555, 0.05906415399550358, 0.15898516973543908, 0.49984914982455875, 0.7931601214598574, 0.3072166274092665, 0.9273028280191747, 0.9005379624538187, 0.054939299845289224, 0.5148049285954169, 0.4523083005342078, 0.49110633800708736, 0.0843789235516692, 0.6157210922655355, 0.16750742593603996, 0.05592385325652682, 0.6218358374135114, 0.6696901711009123, 0.1344606400973225, 0.41809633950895, 0.5650307104100023, 0.09133583906338605, 0.7654638870571765, 0.27875663816712126, 0.2837781699455133, 0.3365983096454769, 0.18953694053952141, 0.5746619403228413, 0.4478646971343202, 0.48027232624083793, 0.8265759679538793, 0.8700770980672966, 0.25567599199092605, 0.8630370883080882, 0.3430213932895986, 0.2637910254389011, 0.6173383082760421, 0.27278159597116514, 0.977925980660067, 0.7211450253157959, 0.3326320666717282, 0.49433676492844003, 0.25619776194394583, 0.021713749572394248, 0.43889374829997807, 0.15899502224450068, 0.47661162083288844], [0.19094171127796555, 0.4154765422876504, 0.052782258649777036, 0.16565749396286555, 0.05906415399550358, 0.15898516973543908, 0.49984914982455875, 0.7931601214598574, 0.3072166274092665, 0.9273028280191747, 0.9005379624538187, 0.054939299845289224, 0.5148049285954169, 0.4523083005342078, 0.49110633800708736, 0.0843789235516692, 0.6157210922655355, 0.16750742593603996, 0.05592385325652682, 0.6218358374135114, 0.6696901711009123, 0.1344606400973225, 0.41809633950895, 0.5650307104100023, 0.09133583906338605, 0.7654638870571765, 0.27875663816712126, 0.2837781699455133, 0.3365983096454769, 0.18953694053952141, 0.5746619403228413, 0.4478646971343202, 0.48027232624083793, 0.8265759679538793, 0.8700770980672966, 0.25567599199092605, 0.8630370883080882, 0.3430213932895986, 0.2637910254389011, 0.6173383082760421, 0.27278159597116514, 0.977925980660067, 0.7211450253157959, 0.3326320666717282, 0.49433676492844003, 0.25619776194394583, 0.021713749572394248, 0.43889374829997807, 0.15899502224450068, 0.47661162083288844], [0.19094171127796555, 0.4154765422876504, 0.052782258649777036, 0.16565749396286555, 0.05906415399550358, 0.15898516973543908, 0.49984914982455875, 0.7931601214598574, 0.3072166274092665, 0.9273028280191747, 0.9005379624538187, 0.054939299845289224, 0.5148049285954169, 0.4523083005342078, 0.49110633800708736, 0.0843789235516692, 0.6157210922655355, 0.16750742593603996, 0.05592385325652682, 0.6218358374135114, 0.6696901711009123, 0.1344606400973225, 0.41809633950895, 0.5650307104100023, 0.09133583906338605, 0.7654638870571765, 0.27875663816712126, 0.2837781699455133, 0.3365983096454769, 0.18953694053952141, 0.5746619403228413, 0.4478646971343202, 0.48027232624083793, 0.8265759679538793, 0.8700770980672966, 0.25567599199092605, 0.8630370883080882, 0.3430213932895986, 0.2637910254389011, 0.6173383082760421, 0.27278159597116514, 0.977925980660067, 0.7211450253157959, 0.3326320666717282, 0.49433676492844003, 0.25619776194394583, 0.021713749572394248, 0.43889374829997807, 0.15899502224450068, 0.47661162083288844], [0.19094171127796555, 0.4154765422876504, 0.052782258649777036, 0.16565749396286555, 0.05906415399550358, 0.15898516973543908, 0.49984914982455875, 0.7931601214598574, 0.3072166274092665, 0.9273028280191747, 0.9005379624538187, 0.054939299845289224, 0.5148049285954169, 0.4523083005342078, 0.49110633800708736, 0.0843789235516692, 0.6157210922655355, 0.16750742593603996, 0.05592385325652682, 0.6218358374135114, 0.6696901711009123, 0.1344606400973225, 0.41809633950895, 0.5650307104100023, 0.09133583906338605, 0.7654638870571765, 0.27875663816712126, 0.2837781699455133, 0.3365983096454769, 0.18953694053952141, 0.5746619403228413, 0.4478646971343202, 