{"encoded_solution": [-1, 48, 52, 12, 55, 184, 152, 61, 91, 172, 141], "best_fitness": [-1.0, -1.0, -1.0, -1.0, -1.0, -1.0, -1.0, -1.0, -1.0, -1.0, -1.0], "best_positions": [[0.8150193647557366, 0.6250097008155144, 0.0984786628272275, 0.25165966081563385, 0.661901809607395, 0.6197189944170994, 0.42003367558452886, 0.3227209336854835, 0.8120534238271795, 0.5835872736327647, 0.3931017528707481, 0.4762482273150982, 0.5411771656740424, 0.27989874281090255, 0.7068016905153819, 0.3979481352741462, 0.16937925691271094, 0.05304724561287577, 0.9661390354435215, 0.7060163000745119, 0.6179946684357445, 0.9290340723843193, 0.09176030784107314, 0.3480866679292275, 0.6604219226664986, 0.5758923731967198, 0.8270509805745718, 0.8572748958834933, 0.5593858928539647, 0.5162523341848597, 0.725573521050506, 0.3367128916206593, 0.87782910315811, 0.7414337243619361, 0.9907036269981934, 0.308095671813415, 0.9686351450715115, 0.5356320813510508, 0.3290072420592034, 0.012068911881243038, 0.9326701641979864, 0.7348628933760519, 0.9651685967371799, 0.1401876822718111, 0.42996947565909027, 0.2255606771537264, 0.6622605486770566, 0.23980188173196093, 0.3771951351418822, 0.23034171278902738], [0.8150193647557366, 0.6250097008155144, 0.0984786628272275, 0.25165966081563385, 0.661901809607395, 0.6197189944170994, 0.42003367558452886, 0.3227209336854835, 0.8120534238271795, 0.5835872736327647, 0.3931017528707481, 0.4762482273150982, 0.5411771656740424, 0.27989874281090255, 0.7068016905153819, 0.3979481352741462, 0.16937925691271094, 0.05304724561287577, 0.9661390354435215, 0.7060163000745119, 0.6179946684357445, 0.9290340723843193, 0.09176030784107314, 0.3480866679292275, 0.6604219226664986, 0.5758923731967198, 0.8270509805745718, 0.8572748958834933, 0.5593858928539647, 0.5162523341848597, 0.725573521050506, 0.3367128916206593, 0.87782910315811, 0.7414337243619361, 0.9907036269981934, 0.308095671813415, 0.9686351450715115, 0.5356320813510508, 0.3290072420592034, 0.012068911881243038, 0.9326701641979864, 0.7348628933760519, 0.9651685967371799, 0.1401876822718111, 0.42996947565909027, 0.2255606771537264, 0.6622605486770566, 0.23980188173196093, 0.3771951351418822, 0.23034171278902738], [0.8150193647557366, 0.6250097008155144, 0.0984786628272275, 0.25165966081563385, 0.661901809607395, 0.6197189944170994, 0.42003367558452886, 0.3227209336854835, 0.8120534238271795, 0.5835872736327647, 0.3931017528707481, 0.4762482273150982, 0.5411771656740424, 0.27989874281090255, 0.7068016905153819, 0.3979481352741462, 0.16937925691271094, 0.05304724561287577, 0.9661390354435215, 0.7060163000745119, 0.6179946684357445, 0.9290340723843193, 0.09176030784107314, 0.3480866679292275, 0.6604219226664986, 0.5758923731967198, 0.8270509805745718, 0.8572748958834933, 0.5593858928539647, 0.5162523341848597, 0.725573521050506, 0.3367128916206593, 0.87782910315811, 0.7414337243619361, 0.9907036269981934, 0.308095671813415, 0.9686351450715115, 0.5356320813510508, 0.3290072420592034, 0.012068911881243038, 0.9326701641979864, 0.7348628933760519, 0.9651685967371799, 0.1401876822718111, 0.42996947565909027, 0.2255606771537264, 0.6622605486770566, 0.23980188173196093, 0.3771951351418822, 0.23034171278902738], [5.568011007068413, 0.7741485730432054, 2.818878812145318, 0.011504693208862438, 0.18356955796534835, 0.7197137218258258, 1.7021801646678247, 0.36374781605961237, 2.1264922118974967, 0.6946980803645098, -1.935603209129503, 0.41400610800904586, -0.40492682812934155, 0.5818669109710186, -3.8099395585505587, -0.7474861494575631, -1.0952570938119215, 1.3470816335077953, -1.1008927362628058, 0.6265922870036302, 1.9596675339238143, 0.6220849228537382, 5.2123954638821965, -0.88405806925965, 2.2828370011919725, 3.597217717310707, 4.122448272366436, -0.1771402491995182, -2.2634177480906006, 1.9581311738007345, 0.8271340428728116, -0.5772130662707116, 1.2376921810990038, -0.22917010661717496, 1.6519112233208233, -0.1773113428385933, -1.2618020119172102, 1.2359364796753212, 1.3362890636415201, 1.6414726042293615, 0.68780995021709, 0.4230052331014458, 0.9030110253446664, 0.9130076616268572, 0.3739057269107871, 0.8003272506466601, 0.8515975645098313, -0.09774732998246538, -0.08888483844119532, 2.612503025329579], [5.386003160884485, 0.011927790137584937, 7.665779428292369, 0.8843941617006947, -0.05330289945096567, 0.8762768558582277, 2.8695877333221373, 2.524485291807574, 2.5611018176979834, -0.391391315948445, -3.686177531689716, 0.9019817088924611, 0.06919278665041673, 0.5198227144349639, -8.518823964890336, -0.1381743236749844, -2.980020911500261, 2.98218020109276, -2.5234058960895114, 0.19815905015669222, 2.794842568835085, 1.8980265114667076, 7.1005603136447855, -1.5991953903531413, 2.738446627374407, 6.371497476732283, 5.871616742590488, -3.001577026433843, -2.9451566646961744, 3.2336086116165124, 1.1442745018502591, -0.5747257044630745, -0.5504768745416246, -1.7455397101297692, 0.8591831174626079, -0.2987846836731971, -3.080585976277977, 1.9395280074365195, 0.8785758975482452, 0.5842464786383292, 0.6379471521110387, -0.3339957303426855, -0.20524940863356989, 2.0150186310692697, 1.0598520545318997, 2.0601280000583184, 1.8440498506555139, -2.003394821971241, 0.5506629846329707, 6.022337946184237], [5.543520218609789, 3.2661314444527294, 7.497942987900028, 1.1492535044387973, -0.07011491263693337, -0.5544294820317479, 2.5710697413131607, 2.5253565090687182, 2.861339814672694, -0.5437109832532041, -3.5775861633351704, 0.9539950414521255, 0.5874780739989908, -0.09910503644646229, -8.159854444656062, -0.6443891647635203, -5.779262031569637, 3.0384269368795405, -2.523201936684899, -0.7505277545716138, 4.386438594239014, 1.9016176028090472, 14.644604902277539, -1.0101028425077014, 3.035853541587965, 8.075756611345835, 6.050673198323287, -2.472673404541201, -3.157918374164113, 6.25574250129151, 1.2315712657760756, -0.5928101190636332, -0.6047240665810547, -1.7467064421991227, 2.884405660885781, -1.9905838802776072, -2.9701861743793065, 1.768029573159953, 0.9961526801128202, 0.656323110944199, 0.6727695280666417, -0.3492682765632489, -1.0774842522326158, 2.7444090856049663, 0.7525383724933307, 1.8335330894429958, 3.955026037995486, 1.248451496024571, 0.3604560790130252, 6.057214145186865], [-22.5232056362392, 32.31096130256068, -16.99701361202223, 0.7924980684636893, 3.0181410066467853, 10.623984482036612, 7.432312666581977, 1.921115091018158, -27.023574125275417, -0.08566754543574107, -17.798494411754024, -30.26297937882141, 0.6050226989031031, -11.683895133288981, -45.69847571369114, 51.07965834494532, -9.055287384810068, 18.908472025089882, 2.93142899043259, 0.18573034202390226, 6.839496306782878, 2.609698423511102, -40.078448224966685, -28.72486385919965, -0.036163485077103985, 1.026595301810704, 6.40550876763937, -1.6239781821060566, -2.9182520512425336, 30.200968928436428, 8.164705962757878, -0.31213642473651293, -1.1211943902163712, 1.892142921322316, -3.17551773906381, 1.5285595062064172, 10.25972195973063, 25.401475197953104, -0.4175287254999651, 1.0037605845196975, 4.030050320690158, -4.135191873128999, -2.1200771929102755, 11.546649451815775, -0.259268971537423, 0.8369326647502456, 8.175054622797703, -30.052365811530965, 1.2599339187034637, -4.448004440719471], [-16.471561628761982, 86.26184875102413, -4.058549856947849, 5.731803723653318, 3.8244995265031734, 10.413053820964382, 8.070284087742978, 8.113724631497801, -25.739141894533272, -0.020856652839465584, -5.635360415032743, -25.4899093905419, 0.6488722101403412, -2.4578649471747127, -41.26959167092246, 2.334168527747579, -12.564357266562546, 19.249612800609423, 0.2538559492788446, 5.7381686217735615, -13.685256473449417, 3.068196564567424, -36.072128587056476, -29.967695790437073, -2.6633641128074275, -3.3770967512739887, 8.973097801871337, -2.5835117088824804, -5.89668232182695, 28.08404366330717, -17.995288559334256, -0.29822437730222495, 2.8086787546898795, 3.5094961939979066, -7.290533677039915, 8.670124366006776, 9.406789332720281, 59.80981694853115, 