{"encoded_solution": [-1, 2, 180, 153, 169, 128], "best_fitness": [-1.0, -1.0, -1.0, -1.0, -1.0, -1.0], "best_positions": [[0.7505137750253101, 0.21625629360642207, 0.9666987594534238, 0.3737126874780602, 0.06676282140523093, 0.622254491272997, 0.42415443389743424, 0.23074427873887238, 0.28561572649899447, 0.2210430958462105, 0.8738303260957685, 0.9372600248554185, 0.17859476173901778, 0.3524586663754318, 0.4790670772820319, 0.9903901695055118, 0.8995652571671908, 0.7812622653737237, 0.8539075572434219, 0.057614205451106404, 0.48145060599436174, 0.38571021450607224, 0.26886404371782513, 0.14893130425650514, 0.09675815207176564, 0.6280669380034789, 0.7474198295916769, 0.48939281236230736, 0.25194511426640254, 0.14138743109556773, 0.8176015592115411, 0.642398620969616, 0.13694160077688033, 0.1345961713070558, 0.6736957639917796, 0.30040275540609473, 0.5795254001041209, 0.3761486019332798, 0.6625368185736401, 0.13373644620880942, 0.8541455835134569, 0.4768696840342539, 0.27392578203058693, 0.2715212434371237, 0.00038041627673668366, 0.6498270974359847, 0.011517684480757517, 0.08159770269576905, 0.12969140615057428, 0.9682431001697397], [0.7505137750253101, 0.21625629360642207, 0.9666987594534238, 0.3737126874780602, 0.06676282140523093, 0.622254491272997, 0.42415443389743424, 0.23074427873887238, 0.28561572649899447, 0.2210430958462105, 0.8738303260957685, 0.9372600248554185, 0.17859476173901778, 0.3524586663754318, 0.4790670772820319, 0.9903901695055118, 0.8995652571671908, 0.7812622653737237, 0.8539075572434219, 0.057614205451106404, 0.48145060599436174, 0.38571021450607224, 0.26886404371782513, 0.14893130425650514, 0.09675815207176564, 0.6280669380034789, 0.7474198295916769, 0.48939281236230736, 0.25194511426640254, 0.14138743109556773, 0.8176015592115411, 0.642398620969616, 0.13694160077688033, 0.1345961713070558, 0.6736957639917796, 0.30040275540609473, 0.5795254001041209, 0.3761486019332798, 0.6625368185736401, 0.13373644620880942, 0.8541455835134569, 0.4768696840342539, 0.27392578203058693, 0.2715212434371237, 0.00038041627673668366, 0.6498270974359847, 0.011517684480757517, 0.08159770269576905, 0.12969140615057428, 0.9682431001697397], [0.7505137750253101, 0.21625629360642207, 0.9666987594534238, 0.3737126874780602, 0.06676282140523093, 0.622254491272997, 0.42415443389743424, 0.23074427873887238, 0.28561572649899447, 0.2210430958462105, 0.8738303260957685, 0.9372600248554185, 0.17859476173901778, 0.3524586663754318, 0.4790670772820319, 0.9903901695055118, 0.8995652571671908, 0.7812622653737237, 0.8539075572434219, 0.057614205451106404, 0.48145060599436174, 0.38571021450607224, 0.26886404371782513, 0.14893130425650514, 0.09675815207176564, 0.6280669380034789, 0.7474198295916769, 0.48939281236230736, 0.25194511426640254, 0.14138743109556773, 0.8176015592115411, 0.642398620969616, 0.13694160077688033, 0.1345961713070558, 0.6736957639917796, 0.30040275540609473, 0.5795254001041209, 0.3761486019332798, 0.6625368185736401, 0.13373644620880942, 0.8541455835134569, 0.4768696840342539, 0.27392578203058693, 0.2715212434371237, 0.00038041627673668366, 0.6498270974359847, 0.011517684480757517, 0.08159770269576905, 0.12969140615057428, 0.9682431001697397], [0.7505137750253101, 0.21625629360642207, 0.9666987594534238, 0.3737126874780602, 0.06676282140523093, 0.622254491272997, 0.42415443389743424, 0.23074427873887238, 0.28561572649899447, 0.2210430958462105, 0.8738303260957685, 0.9372600248554185, 0.17859476173901778, 0.3524586663754318, 0.4790670772820319, 0.9903901695055118, 0.8995652571671908, 0.7812622653737237, 0.8539075572434219, 0.057614205451106404, 0.48145060599436174, 0.38571021450607224, 0.26886404371782513, 0.14893130425650514, 0.09675815207176564, 0.6280669380034789, 0.7474198295916769, 0.48939281236230736, 0.25194511426640254, 0.14138743109556773, 0.8176015592115411, 0.642398620969616, 0.13694160077688033, 0.1345961713070558, 0.6736957639917796, 0.30040275540609473, 0.5795254001041209, 0.3761486019332798, 0.6625368185736401, 0.13373644620880942, 0.8541455835134569, 0.4768696840342539, 0.27392578203058693, 0.2715212434371237, 0.00038041627673668366, 0.6498270974359847, 0.011517684480757517, 0.08159770269576905, 0.12969140615057428, 0.9682431001697397], [0.7505137750253101, 0.21625629360642207, 0.9666987594534238, 0.3737126874780602, 0.06676282140523093, 0.622254491272997, 0.42415443389743424, 0.23074427873887238, 0.28561572649899447, 0.2210430958462105, 0.8738303260957685, 0.9372600248554185, 0.17859476173901778, 0.3524586663754318, 0.4790670772820319, 0.9903901695055118, 0.8995652571671908, 0.7812622653737237, 0.8539075572434219, 0.057614205451106404, 0.48145060599436174, 0.38571021450607224, 0.26886404371782513, 0.14893130425650514, 0.09675815207176564, 0.6280669380034789, 0.7474198295916769, 0.48939281236230736, 0.25194511426640254, 0.14138743109556773, 0.8176015592115411, 0.642398620969616, 0.13694160077688033, 0.1345961713070558, 0.6736957639917796, 0.30040275540609473, 0.5795254001041209, 0.3761486019332798, 0.6625368185736401, 0.13373644620880942, 0.8541455835134569, 0.4768696840342539, 0.27392578203058693, 0.2715212434371237, 0.00038041627673668366, 0.6498270974359847, 0.011517684480757517, 0.08159770269576905, 0.12969140615057428, 0.9682431001697397], [0.7505137750253101, 0.21625629360642207, 0.9666987594534238, 0.3737126874780602, 0.06676282140523093, 0.622254491272997, 0.42415443389743424, 0.23074427873887238, 0.28561572649899447, 0.2210430958462105, 0.8738303260957685, 0.9372600248554185, 0.17859476173901778, 0.3524586663754318, 0.4790670772820319, 0.9903901695055118, 0.8995652571671908, 0.7812622653737237, 0.8539075572434219, 0.057614205451106404, 0.48145060599436174, 0.38571021450607224, 0.26886404371782513, 0.14893130425650514, 0.09675815207176564, 0.6280669380034789, 0.7474198295916769, 0.48939281236230736, 0.25194511426640254, 0.14138743109556773, 0.8176015592115411, 0.642398620969616, 0.13694160077688033, 0.1345961713070558, 0.6736957639917796, 0.30040275540609473, 0.5795254001041209, 0.3761486019332798, 0.6625368185736401, 0.13373644620880942, 0.8541455835134569, 0.4768696840342539, 0.27392578203058693, 0.2715212434371237, 0.00038041627673668366, 0.6498270974359847, 0.011517684480757517, 0.08159770269576905, 0.12969140615057428, 0.9682431001697397]], "details": {"fitness_per_rep": [[-1.0, -1.0, -1.0, -1.0, -1.0, -1.0]], "sequence_per_rep": [[-1, 2, 180, 153, 169, 128]], "weight_matrix": null}}