{"encoded_solution": [-1, 35, 204, 76, 131, 57, 126, 148, 21, 73, 28], "best_fitness": [-1.0, -1.0, -1.0, -1.0, -1.0, -1.0, -1.0, -1.0, -1.0, -1.0, -1.0], "best_positions": [[0.9250198971190327, 0.771012905623314, 0.29013893629404075, 0.7523108799939033, 0.8310832107427204, 0.6992724039408124, 0.24543544681636675, 0.36744523916849026, 0.6331087231024695, 0.8565937033592721, 0.9210701237575395, 0.8470125136626871, 0.6203446064812979, 0.6830535463758818, 0.46124592633731964, 0.0014961349380423483, 0.5645980928854806, 0.4020773188344483, 0.7632762311020715, 0.0956771495571912, 0.9933952256374692, 0.9227503332210889, 0.9777195053425943, 0.37134242228117686, 0.6240226238236714, 0.8342419735072014, 0.30582379741103427, 0.9112322257438104, 0.86858989736332, 0.42252548641258436, 0.4280235184184422, 0.11186729150475938, 0.4494519305390806, 0.5377723791155959, 0.12721441609048278, 0.8465232530192932, 0.7492735063521324, 0.14868605002454616, 0.8531987351703141, 0.4019823675192574, 0.331910852079661, 0.7439585758282564, 0.2779169482671384, 0.6786417151019901, 0.3865682778921855, 0.2614010112320104, 0.5453831370745655, 0.5702863168287998, 0.7246386730355391, 0.7539004021889784], [1.529646170168586, 0.993225264322411, 0.11801449359946814, 0.653998607635988, 0.621375787797942, -0.08384800724623598, 0.9219438572670293, 0.8955755182243111, 0.9829972894308565, 0.8342173206066279, 0.9500874365297989, 1.1711001936089038, 0.2085468480103338, 1.4646872041686667, -0.2942136065157953, 0.14205941664746013, 0.0503478883543409, 0.7790986086684959, 0.8761716842766856, -0.00021102665108674312, 1.0025170496859217, 0.9249016236878864, 1.16821411543383, 0.5213760936708416, 1.649983074267499, 0.8364939535794587, -0.08634574199193601, 0.6485753342755415, 0.19306989823207266, 0.7718010916800376, -0.33533122140819505, -1.1869723248183888, 0.0021322794764996322, 0.5748180018266452, 0.4620615485332292, 0.08552147057363724, 0.014356195600769506, 0.22139145855848164, 0.9770860393144999, 0.3626926753583755, 0.5199288799347247, -0.10782012668150276, 0.2403347266442581, 0.7606241837629311, 0.3240686113546296, 0.04375520963609736, 1.041549007537113, 0.483564339723325, 0.9045076855345591, 1.0999494000247119], [1.529646170168586, 0.993225264322411, 0.11801449359946814, 0.653998607635988, 0.621375787797942, -0.08384800724623598, 0.9219438572670293, 0.8955755182243111, 0.9829972894308565, 0.8342173206066279, 0.9500874365297989, 1.1711001936089038, 0.2085468480103338, 1.4646872041686667, -0.2942136065157953, 0.14205941664746013, 0.0503478883543409, 0.7790986086684959, 0.8761716842766856, -0.00021102665108674312, 1.0025170496859217, 0.9249016236878864, 1.16821411543383, 0.5213760936708416, 1.649983074267499, 0.8364939535794587, -0.08634574199193601, 0.6485753342755415, 0.19306989823207266, 0.7718010916800376, -0.33533122140819505, -1.1869723248183888, 0.0021322794764996322, 0.5748180018266452, 0.4620615485332292, 0.08552147057363724, 0.014356195600769506, 0.22139145855848164, 0.9770860393144999, 0.3626926753583755, 0.5199288799347247, -0.10782012668150276, 0.2403347266442581, 0.7606241837629311, 0.3240686113546296, 0.04375520963609736, 1.041549007537113, 0.483564339723325, 0.9045076855345591, 1.0999494000247119], [1.529646170168586, 0.993225264322411, 0.11801449359946814, 0.653998607635988, 0.621375787797942, -0.08384800724623598, 0.9219438572670293, 0.8955755182243111, 0.9829972894308565, 0.8342173206066279, 0.9500874365297989, 1.1711001936089038, 0.2085468480103338, 1.4646872041686667, -0.2942136065157953, 0.14205941664746013, 0.0503478883543409, 0.7790986086684959, 0.8761716842766856, -0.00021102665108674312, 1.0025170496859217, 0.9249016236878864, 1.16821411543383, 0.5213760936708416, 1.649983074267499, 0.8364939535794587, -0.08634574199193601, 0.6485753342755415, 0.19306989823207266, 0.7718010916800376, -0.33533122140819505, -1.1869723248183888, 0.0021322794764996322, 0.5748180018266452, 0.4620615485332292, 0.08552147057363724, 0.014356195600769506, 0.22139145855848164, 0.9770860393144999, 0.3626926753583755, 0.5199288799347247, -0.10782012668150276, 0.2403347266442581, 0.7606241837629311, 0.3240686113546296, 0.04375520963609736, 1.041549007537113, 0.483564339723325, 0.9045076855345591, 1.0999494000247119], [1.529646170168586, 0.993225264322411, 0.11801449359946814, 0.653998607635988, 0.621375787797942, -0.08384800724623598, 0.9219438572670293, 0.8955755182243111, 0.9829972894308565, 0.8342173206066279, 0.9500874365297989, 1.1711001936089038, 0.2085468480103338, 1.4646872041686667, -0.2942136065157953, 0.14205941664746013, 0.0503478883543409, 0.7790986086684959, 0.8761716842766856, -0.00021102665108674312, 1.0025170496859217, 0.9249016236878864, 1.16821411543383, 0.5213760936708416, 1.649983074267499, 0.8364939535794587, -0.08634574199193601, 0.6485753342755415, 0.19306989823207266, 0.7718010916800376, -0.33533122140819505, -1.1869723248183888, 0.0021322794764996322, 0.5748180018266452, 0.4620615485332292, 0.08552147057363724, 0.014356195600769506, 0.22139145855848164, 0.9770860393144999, 0.3626926753583755, 0.5199288799347247, -0.10782012668150276, 0.2403347266442581, 0.7606241837629311, 0.3240686113546296, 0.04375520963609736, 1.041549007537113, 0.483564339723325, 0.9045076855345591, 1.0999494000247119], [1.529646170168586, 0.993225264322411, 0.11801449359946814, 0.653998607635988, 0.621375787797942, -0.08384800724623598, 0.9219438572670293, 0.8955755182243111, 0.9829972894308565, 0.8342173206066279, 0.9500874365297989, 1.1711001936089038, 0.2085468480103338, 1.4646872041686667, -0.2942136065157953, 0.14205941664746013, 0.0503478883543409, 0.7790986086684959, 0.8761716842766856, -0.00021102665108674312, 1.0025170496859217, 0.9249016236878864, 1.16821411543383, 0.5213760936708416, 1.649983074267499, 0.8364939535794587, -0.08634574199193601, 0.6485753342755415, 0.19306989823207266, 0.7718010916800376, -0.33533122140819505, -1.1869723248183888, 0.0021322794764996322, 0.5748180018266452, 0.4620615485332292, 0.08552147057363724, 0.014356195600769506, 0.22139145855848164, 0.9770860393144999, 0.3626926753583755, 0.5199288799347247, -0.10782012668150276, 0.2403347266442581, 0.7606241837629311, 0.3240686113546296, 0.04375520963609736, 1.041549007537113, 0.483564339723325, 0.9045076855345591, 1.0999494000247119], [1.529646170168586, 0.993225264322411, 0.11801449359946814, 0.653998607635988, 0.621375787797942, -0.08384800724623598, 0.9219438572670293, 0.8955755182243111, 0.9829972894308565, 0.8342173206066279, 0.9500874365297989, 1.1711001936089038, 0.2085468480103338, 1.4646872041686667, -0.2942136065157953, 0.14205941664746013, 0.0503478883543409, 0.7790986086684959, 0.8761716842766856, -0.00021102665108674312, 1.0025170496859217, 0.9249016236878864, 1.16821411543383, 0.5213760936708416, 1.649983074267499, 0.8364939535794587, -0.08634574199193601, 0.6485753342755415, 0.19306989823207266, 0.7718010916800376, -0.33533122140819505, -1.1869723248183888, 0.0021322794764996322, 0.5748180018266452, 0.4620615485332292, 0.08552147057363724, 0.014356195600769506, 0.22139145855848164, 0.9770860393144999, 0.3626926753583755, 0.5199288799347247, -0.10782012668150276, 0.2403347266442581, 0.7606241837629311, 0.3240686113546296, 0.04375520963609736, 1.041549007537113, 0.483564339723325, 0.9045076855345591, 1.0999494000247119], [1.529646170168586, 0.993225264322411, 0.11801449359946814, 0.653998607635988, 0.621375787797942, -0.08384800724623598, 0.9219438572670293, 0.8955755182243111, 0.9829972894308565, 0.8342173206066279, 0.9500874365297989, 1.1711001936089038, 0.2085468480103338, 1.4646872041686667, -0.2942136065157953, 0.14205941664746013, 0.0503478883543409, 0.7790986086684959, 0.8761716842766856, -0.00021102665108674312, 1.0025170496859217, 0.9249016236878864, 1.16821411543383, 0.5213760936708416, 1.649983074267499, 0.8364939535794587, -0.08634574199193601, 0.6485753342755415, 0.19306989823207266, 0.7718010916800376, -0.33533122140819505, -1.1869723248183888, 0.0021322794764996322, 0.5748180018266452, 