{"encoded_solution": [-1, 106, 152, 137, 124, 75], "best_fitness": [-1.0, -1.0, -1.0, -1.0, -1.0, -1.0], "best_positions": [[0.3837947440419277, 0.6326294943350171, 0.6576192421899729, 0.7239548693411401, 0.8831264405157164, 0.7700876377464777, 0.7518271990490987, 0.430736187404125, 0.39028808425203254, 0.5211801766033433, 0.19105756596426648, 0.20568916158294392, 0.7520020393180838, 0.8553774684166144, 0.5535097389832203, 0.747407303532769, 0.47712530434057554, 0.5311492288478529, 0.019220860644323823, 0.6003055449831562, 0.6357421670184162, 0.011045092367892195, 0.7853861775909318, 0.785496668559616, 0.33597027356607256, 0.8771611641176414, 0.8053454075021956, 0.27386488216579474, 0.7576940466978761, 0.333914584408067, 0.9641660951335833, 0.7368606608836961, 0.7977555881956901, 0.23702912774542884, 0.416627007879639, 0.5277894086146514, 0.5771706180410967, 0.5012341561083085, 0.6594918482369955, 0.28355154346940614, 0.09644482324706671, 0.899784545190579, 0.9327241417402006, 0.6931373918027564, 0.39672069582592073, 0.21184164215678924, 0.6959627511079793, 0.11844842504495756, 0.21028141888849117, 0.20276120794910202], [0.3837947440419277, 0.6326294943350171, 0.6576192421899729, 0.7239548693411401, 0.8831264405157164, 0.7700876377464777, 0.7518271990490987, 0.430736187404125, 0.39028808425203254, 0.5211801766033433, 0.19105756596426648, 0.20568916158294392, 0.7520020393180838, 0.8553774684166144, 0.5535097389832203, 0.747407303532769, 0.47712530434057554, 0.5311492288478529, 0.019220860644323823, 0.6003055449831562, 0.6357421670184162, 0.011045092367892195, 0.7853861775909318, 0.785496668559616, 0.33597027356607256, 0.8771611641176414, 0.8053454075021956, 0.27386488216579474, 0.7576940466978761, 0.333914584408067, 0.9641660951335833, 0.7368606608836961, 0.7977555881956901, 0.23702912774542884, 0.416627007879639, 0.5277894086146514, 0.5771706180410967, 0.5012341561083085, 0.6594918482369955, 0.28355154346940614, 0.09644482324706671, 0.899784545190579, 0.9327241417402006, 0.6931373918027564, 0.39672069582592073, 0.21184164215678924, 0.6959627511079793, 0.11844842504495756, 0.21028141888849117, 0.20276120794910202], [1.0, 1.0, 1.0, 1.0, 1.0, 1.0, 1.0, 1.0, 1.0, 1.0, 1.0, 1.0, 1.0, 1.0, 1.0, 1.0, 1.0, 1.0, 1.0, 1.0, 1.0, 1.0, 1.0, 1.0, 1.0, 1.0, 1.0, 1.0, 1.0, 1.0, 1.0, 1.0, 1.0, 1.0, 1.0, 1.0, 1.0, 1.0, 1.0, 1.0, 1.0, 1.0, 1.0, 1.0, 1.0, 1.0, 1.0, 1.0, 1.0, 1.0], [1.0, 1.0, 1.0, 1.0, 1.0, 1.0, 1.0, 1.0, 1.0, 1.0, 1.0, 1.0, 1.0, 1.0, 1.0, 1.0, 1.0, 1.0, 1.0, 1.0, 1.0, 1.0, 1.0, 1.0, 1.0, 1.0, 1.0, 1.0, 1.0, 1.0, 1.0, 1.0, 1.0, 1.0, 1.0, 1.0, 1.0, 1.0, 1.0, 1.0, 1.0, 1.0, 1.0, 1.0, 1.0, 1.0, 1.0, 1.0, 1.0, 1.0], [1.0, 1.0, 1.0, 1.0, 1.0, 1.0, 1.0, 1.0, 1.0, 1.0, 1.0, 1.0, 1.0, 1.0, 1.0, 1.0, 1.0, 1.0, 1.0, 1.0, 1.0, 1.0, 1.0, 1.0, 1.0, 1.0, 1.0, 1.0, 1.0, 1.0, 1.0, 1.0, 1.0, 1.0, 1.0, 1.0, 1.0, 1.0, 1.0, 1.0, 1.0, 1.0, 1.0, 1.0, 1.0, 1.0, 1.0, 1.0, 1.0, 1.0], [1.0, 1.0, 1.0, 1.0, 1.0, 1.0, 1.0, 1.0, 1.0, 1.0, 1.0, 1.0, 1.0, 1.0, 1.0, 1.0, 1.0, 1.0, 1.0, 1.0, 1.0, 1.0, 1.0, 1.0, 1.0, 1.0, 1.0, 1.0, 1.0, 1.0, 1.0, 1.0, 1.0, 1.0, 1.0, 1.0, 1.0, 1.0, 1.0, 1.0, 1.0, 1.0, 1.0, 1.0, 1.0, 1.0, 1.0, 1.0, 1.0, 1.0]], "details": {"fitness_per_rep": [[-1.0, -1.0, -1.0, -1.0, -1.0, -1.0]], "sequence_per_rep": [[-1, 106, 152, 137, 124, 75]], "weight_matrix": null}}