{"encoded_solution": [-1, 185, 60, 155, 115, 140, 37, 122, 113, 17, 135], "best_fitness": [-1.0, -1.0, -1.0, -1.0, -1.0, -1.0, -1.0, -1.0, -1.0, -1.0, -1.0], "best_positions": [[0.44062414015829265, 0.3320940948761584, 0.08519131409420211, 0.40643498165038516, 0.8603719230485872, 0.47021017548647626, 0.5455790750142753, 0.8346923582520489, 0.12981047588885353, 0.8767686267640369, 0.045691797088800445, 0.9310259229255154, 0.9244978462386519, 0.710880876168565, 0.46582700229721663, 0.48835432491969544, 0.4410556785383235, 0.745164400630991, 0.6436582653573971, 0.6601370801967663, 0.7493511646536573, 0.7482659519787803, 0.8920038679169583, 0.8071932755869168, 0.10557801397248923, 0.7698813810491483, 0.4947272794938271, 0.16645616491398896, 0.789781993923793, 0.3393160208869729, 0.1252102683112375, 0.31574314159125627, 0.13797710605783653, 0.41615636290951075, 0.44781444246208246, 0.2607985895772339, 0.5756877248478923, 0.4475986366397734, 0.9802540001382739, 0.4216638226467614, 0.34216102359524925, 0.3238298592033625, 0.41189088509470795, 0.08490196958095964, 0.17741230260223806, 0.08486341082914517, 0.20956986114681386, 0.5562771859519817, 0.02433611044475803, 0.2555028580260926], [0.44062414015829265, 0.3320940948761584, 0.08519131409420211, 0.40643498165038516, 0.8603719230485872, 0.47021017548647626, 0.5455790750142753, 0.8346923582520489, 0.12981047588885353, 0.8767686267640369, 0.045691797088800445, 0.9310259229255154, 0.9244978462386519, 0.710880876168565, 0.46582700229721663, 0.48835432491969544, 0.4410556785383235, 0.745164400630991, 0.6436582653573971, 0.6601370801967663, 0.7493511646536573, 0.7482659519787803, 0.8920038679169583, 0.8071932755869168, 0.10557801397248923, 0.7698813810491483, 0.4947272794938271, 0.16645616491398896, 0.789781993923793, 0.3393160208869729, 0.1252102683112375, 0.31574314159125627, 0.13797710605783653, 0.41615636290951075, 0.44781444246208246, 0.2607985895772339, 0.5756877248478923, 0.4475986366397734, 0.9802540001382739, 0.4216638226467614, 0.34216102359524925, 0.3238298592033625, 0.41189088509470795, 0.08490196958095964, 0.17741230260223806, 0.08486341082914517, 0.20956986114681386, 0.5562771859519817, 0.02433611044475803, 0.2555028580260926], [0.44062414015829265, 0.3320940948761584, 0.08519131409420211, 0.40643498165038516, 0.8603719230485872, 0.47021017548647626, 0.5455790750142753, 0.8346923582520489, 0.12981047588885353, 0.8767686267640369, 0.045691797088800445, 0.9310259229255154, 0.9244978462386519, 0.710880876168565, 0.46582700229721663, 0.48835432491969544, 0.4410556785383235, 0.745164400630991, 0.6436582653573971, 0.6601370801967663, 0.7493511646536573, 0.7482659519787803, 0.8920038679169583, 0.8071932755869168, 0.10557801397248923, 0.7698813810491483, 0.4947272794938271, 0.16645616491398896, 0.789781993923793, 0.3393160208869729, 0.1252102683112375, 0.31574314159125627, 0.13797710605783653, 0.41615636290951075, 0.44781444246208246, 0.2607985895772339, 0.5756877248478923, 0.4475986366397734, 0.9802540001382739, 0.4216638226467614, 0.34216102359524925, 0.3238298592033625, 0.41189088509470795, 0.08490196958095964, 0.17741230260223806, 0.08486341082914517, 0.20956986114681386, 0.5562771859519817, 0.02433611044475803, 0.2555028580260926], [0.44062414015829265, 0.3320940948761584, 0.08519131409420211, 0.40643498165038516, 0.8603719230485872, 0.47021017548647626, 0.5455790750142753, 0.8346923582520489, 0.12981047588885353, 0.8767686267640369, 0.045691797088800445, 0.9310259229255154, 0.9244978462386519, 0.710880876168565, 0.46582700229721663, 0.48835432491969544, 0.4410556785383235, 0.745164400630991, 0.6436582653573971, 0.6601370801967663, 0.7493511646536573, 0.7482659519787803, 0.8920038679169583, 0.8071932755869168, 0.10557801397248923, 0.7698813810491483, 0.4947272794938271, 0.16645616491398896, 0.789781993923793, 0.3393160208869729, 0.1252102683112375, 0.31574314159125627, 0.13797710605783653, 0.41615636290951075, 0.44781444246208246, 0.2607985895772339, 0.5756877248478923, 0.4475986366397734, 0.9802540001382739, 0.4216638226467614, 0.34216102359524925, 0.3238298592033625, 0.41189088509470795, 0.08490196958095964, 0.17741230260223806, 0.08486341082914517, 0.20956986114681386, 0.5562771859519817, 0.02433611044475803, 0.2555028580260926], [0.44062414015829265, 0.3320940948761584, 0.08519131409420211, 0.40643498165038516, 0.8603719230485872, 0.47021017548647626, 0.5455790750142753, 0.8346923582520489, 0.12981047588885353, 0.8767686267640369, 0.045691797088800445, 0.9310259229255154, 0.9244978462386519, 0.710880876168565, 0.46582700229721663, 0.48835432491969544, 0.4410556785383235, 0.745164400630991, 0.6436582653573971, 0.6601370801967663, 0.7493511646536573, 0.7482659519787803, 0.8920038679169583, 0.8071932755869168, 0.10557801397248923, 0.7698813810491483, 0.4947272794938271, 0.16645616491398896, 0.789781993923793, 0.3393160208869729, 0.1252102683112375, 0.31574314159125627, 0.13797710605783653, 0.41615636290951075, 0.44781444246208246, 0.2607985895772339, 0.5756877248478923, 0.4475986366397734, 0.9802540001382739, 0.4216638226467614, 0.34216102359524925, 0.3238298592033625, 0.41189088509470795, 0.08490196958095964, 0.17741230260223806, 0.08486341082914517, 0.20956986114681386, 0.5562771859519817, 0.02433611044475803, 0.2555028580260926], [0.44062414015829265, 0.3320940948761584, 0.08519131409420211, 0.40643498165038516, 0.8603719230485872, 0.47021017548647626, 0.5455790750142753, 0.8346923582520489, 0.12981047588885353, 0.8767686267640369, 0.045691797088800445, 0.9310259229255154, 0.9244978462386519, 0.710880876168565, 0.46582700229721663, 0.48835432491969544, 0.4410556785383235, 0.745164400630991, 0.6436582653573971, 0.6601370801967663, 0.7493511646536573, 0.7482659519787803, 0.8920038679169583, 0.8071932755869168, 0.10557801397248923, 0.7698813810491483, 0.4947272794938271, 0.16645616491398896, 0.789781993923793, 0.3393160208869729, 0.1252102683112375, 0.31574314159125627, 0.13797710605783653, 0.41615636290951075, 0.44781444246208246, 0.2607985895772339, 0.5756877248478923, 0.4475986366397734, 0.9802540001382739, 0.4216638226467614, 0.34216102359524925, 0.3238298592033625, 0.41189088509470795, 0.08490196958095964, 0.17741230260223806, 0.08486341082914517, 0.20956986114681386, 0.5562771859519817, 0.02433611044475803, 0.2555028580260926], [0.44062414015829265, 0.3320940948761584, 0.08519131409420211, 0.40643498165038516, 0.8603719230485872, 0.47021017548647626, 0.5455790750142753, 0.8346923582520489, 0.12981047588885353, 0.8767686267640369, 0.045691797088800445, 0.9310259229255154, 0.9244978462386519, 0.710880876168565, 0.46582700229721663, 0.48835432491969544, 0.4410556785383235, 0.745164400630991, 0.6436582653573971, 0.6601370801967663, 0.7493511646536573, 0.7482659519787803, 0.8920038679169583, 0.8071932755869168, 0.10557801397248923, 0.7698813810491483, 0.4947272794938271, 0.16645616491398896, 0.789781993923793, 0.3393160208869729, 0.1252102683112375, 0.31574314159125627, 0.13797710605783653, 0.41615636290951075, 0.44781444246208246, 0.2607985895772339, 0.5756877248478923, 0.4475986366397734, 0.9802540001382739, 0.4216638226467614, 0.34216102359524925, 0.3238298592033625, 0.41189088509470795, 0.08490196958095964, 0.17741230260223806, 0.08486341082914517, 0.20956986114681386, 0.5562771859519817, 0.02433611044475803, 0.2555028580260926], [0.44062414015829265, 0.3320940948761584, 0.08519131409420211, 0.40643498165038516, 0.8603719230485872, 0.47021017548647626, 0.5455790750142753, 0.8346923582520489, 0.12981047588885353, 0.8767686267640369, 0.045691797088800445, 0.9310259229255154, 0.9244978462386519, 0.710880876168565, 0.46582700229721663, 0.48835432491969544, 0.4410556785383235, 0.745164400630991, 0.6436582653573971, 0.6601370801967663, 0.7493511646536573, 0.7482659519787803, 0.8920038679169583, 0.8071932755869168, 0.10557801397248923, 0.7698813810491483, 0.4947272794938271, 0.16645616491398896, 0.789781993923793, 0.3393160208869729, 0.1252102683112375, 0.31574314159125627, 0.13797710605783653, 