{"encoded_solution": [-1, 18, 4, 61, 199, 43, 122, 129, 52, 87, 64], "best_fitness": [-1.0, -1.0, -1.0, -1.0, -1.0, -1.0, -1.0, -1.0, -1.0, -1.0, -1.0], "best_positions": [[0.1863101949653163, 0.3141942245355285, 0.16507128029089502, 0.9312717374386282, 0.8749409649014173, 0.9897754320821696, 0.13407725053520425, 0.2810011911057655, 0.9287838157179564, 0.0447799332729516, 0.23261159487042882, 0.03793291626192463, 0.18953246087953157, 0.23549176123597104, 0.5663339952681536, 0.23633221121819248, 0.6100320687985926, 0.39188461544479447, 0.13326529279205868, 0.6111866363886286, 0.9361452138763938, 0.5474377089618698, 0.01712687085127762, 0.3195413458703662, 0.10070645912930343, 0.9073003770514131, 0.8966844293841806, 0.7919108449121062, 0.1301233180771525, 0.33501344483326145, 0.27847814060462783, 0.36499433756359745, 0.9729108736158945, 0.5084214985205914, 0.7696156746823773, 0.31007849253306863, 0.7468295718983596, 0.2471543573822944, 0.4830169378840522, 0.9798669559266646, 0.7797086117095162, 0.8786583946038545, 0.26033183615060296, 0.06393712591378387, 0.6677383597036708, 0.0046219648965362126, 0.10645504900283631, 0.704455459744267, 0.636258170710733, 0.4436039122287816], [0.9364521637978256, 0.9143492478505413, 0.5299291706325875, 4.655621551138773, -3.610681732066128, -2.145603058597891, -1.2342585604292342, -0.5644630931333456, 6.940149497687139, -2.1282256463490357, 5.396519966672106, -3.2563321142391266, -4.684691513385867, -0.31006332661165814, 0.6597743567280487, -5.1142563923605255, 3.060577219772623, 3.925676604125715, 1.3864306168684624, 7.039426029632205, 1.6242095061276536, 0.3145476607866512, 4.600180502124977, -1.0050180588686088, -1.0912277341885896, 0.6054960488141284, -0.7837528959896138, 1.9035440083953845, 0.5473289701090556, 3.291998265830652, -0.1763698241199373, -2.132437078972914, 1.015365328961214, 2.7136372004146105, 2.6019527131616353, -1.1267061486308079, 2.610938982176413, 2.7547783152915284, 0.5261157506463225, 2.767068334235735, -2.166897075920835, 4.053365253695812, -1.086969240112855, -4.290215761101876, -0.33765477867902316, 5.775920020805276, -4.705804361073962, 0.11672996723123596, 0.8980825194412005, 1.330919494035887], [0.9364521637978256, 0.9143492478505413, 0.5299291706325875, 4.655621551138773, -3.610681732066128, -2.145603058597891, -1.2342585604292342, -0.5644630931333456, 6.940149497687139, -2.1282256463490357, 5.396519966672106, -3.2563321142391266, -4.684691513385867, -0.31006332661165814, 0.6597743567280487, -5.1142563923605255, 3.060577219772623, 3.925676604125715, 1.3864306168684624, 7.039426029632205, 1.6242095061276536, 0.3145476607866512, 4.600180502124977, -1.0050180588686088, -1.0912277341885896, 0.6054960488141284, -0.7837528959896138, 1.9035440083953845, 0.5473289701090556, 3.291998265830652, -0.1763698241199373, -2.132437078972914, 1.015365328961214, 2.7136372004146105, 2.6019527131616353, -1.1267061486308079, 2.610938982176413, 2.7547783152915284, 0.5261157506463225, 2.767068334235735, -2.166897075920835, 4.053365253695812, -1.086969240112855, -4.290215761101876, -0.33765477867902316, 5.775920020805276, -4.705804361073962, 0.11672996723123596, 0.8980825194412005, 1.330919494035887], [0.9364521637978256, 0.9143492478505413, 0.5299291706325875, 4.655621551138773, -3.610681732066128, -2.145603058597891, -1.2342585604292342, -0.5644630931333456, 6.940149497687139, -2.1282256463490357, 5.396519966672106, -3.2563321142391266, -4.684691513385867, -0.31006332661165814, 0.6597743567280487, -5.1142563923605255, 3.060577219772623, 3.925676604125715, 1.3864306168684624, 7.039426029632205, 1.6242095061276536, 0.3145476607866512, 4.600180502124977, -1.0050180588686088, -1.0912277341885896, 0.6054960488141284, -0.7837528959896138, 1.9035440083953845, 0.5473289701090556, 3.291998265830652, -0.1763698241199373, -2.132437078972914, 1.015365328961214, 2.7136372004146105, 2.6019527131616353, -1.1267061486308079, 2.610938982176413, 2.7547783152915284, 0.5261157506463225, 2.767068334235735, -2.166897075920835, 4.053365253695812, -1.086969240112855, -4.290215761101876, -0.33765477867902316, 5.775920020805276, -4.705804361073962, 0.11672996723123596, 0.8980825194412005, 1.330919494035887], [1.3637305104526847, 0.838477469008989, 0.18169157421321447, -8.506456164197012, -3.6657561865121284, -2.1623650306172735, -1.8381770230355334, 2.9979496545431887, 7.687707447826479, 3.030192422201813, 5.4650964919172935, -5.401032383686999, -26.30743683280791, 0.002820151399019366, 1.0092452306136004, -8.310865367047125, 3.0881548161938164, -6.495299470874843, -1.6630365554846147, 2.7183572227338724, 0.627866495880723, 0.31311076548816796, 29.1384525153882, -8.48521789609062, 4.835969704436726, 0.4725012142180631, -0.4508847812538779, 2.085322822679003, 0.3161381853454096, 22.713236524958237, -0.10782321645450965, 11.200248787524131, -10.893654025625887, 3.4579394789914413, 2.460454624957783, 0.6319344402573386, -0.21671807208937288, 4.6401977023783605, 1.6942477292791382, -4.2090946627497825, -7.990899029411793, 14.778810437751448, 2.674750452403421, -4.080684497823863, -1.7526554836136574, 3.8685210678558697, 1.2725977719554873, -3.3155701617778175, 3.560289644295757, 1.1048982086171808], [1.266197354039452, 0.7251387896812267, 0.21267715270099535, -6.766570359366716, -3.53370389645014, -2.2334321172456733, -1.8847670221320532, 3.001950384995578, 7.857857553852911, 3.2333897063223196, 9.6173085384609, -5.529775711554098, -26.40204840078156, -0.12738940455806624, 1.0000094778892223, -6.591054809327405, 2.5739306483360185, -10.901645923793183, -1.8480519238328643, 2.905718044304278, 0.6912847212810977, 0.26506000864593804, 29.07169690407709, 6.456853722651571, 4.949115089244123, 0.2470574672619834, -0.44909612920753106, 2.2793343983226113, 0.22244211770220568, 22.699487664217575, -0.08270631032042886, 11.4125021274221, -11.088631797627102, 3.5950523670172223, 2.2882924908150644, 0.721033495903899, -0.3852141454293083, 4.49547650280784, 6.422187995954929, -4.118212050225198, -7.788830204082869, 9.352262268060812, 2.4379342063862826, -3.952604731778095, -1.9533714046920099, 3.7270764532893255, 1.5139552769903672, -3.567535522005537, 15.101282418330964, 0.9100339561608245], [1.266197354039452, 0.7251387896812267, 0.21267715270099535, -6.766570359366716, -3.53370389645014, -2.2334321172456733, -1.8847670221320532, 3.001950384995578, 7.857857553852911, 3.2333897063223196, 9.6173085384609, -5.529775711554098, -26.40204840078156, -0.12738940455806624, 1.0000094778892223, -6.591054809327405, 2.5739306483360185, -10.901645923793183, -1.8480519238328643, 2.905718044304278, 0.6912847212810977, 0.26506000864593804, 29.07169690407709, 6.456853722651571, 4.949115089244123, 0.2470574672619834, -0.44909612920753106, 2.2793343983226113, 0.22244211770220568, 22.699487664217575, -0.08270631032042886, 11.4125021274221, -11.088631797627102, 3.5950523670172223, 2.2882924908150644, 0.721033495903899, -0.3852141454293083, 4.49547650280784, 6.422187995954929, -4.118212050225198, -7.788830204082869, 9.352262268060812, 2.4379342063862826, -3.952604731778095, -1.9533714046920099, 3.7270764532893255, 1.5139552769903672, -3.567535522005537, 15.101282418330964, 0.9100339561608245], [1.266197354039452, 0.7251387896812267, 0.21267715270099535, -6.766570359366716, -3.53370389645014, -2.2334321172456733, -1.8847670221320532, 3.001950384995578, 7.857857553852911, 3.2333897063223196, 9.6173085384609, -5.529775711554098, -26.40204840078156, -0.12738940455806624, 1.0000094778892223, -6.591054809327405, 2.5739306483360185, -10.901645923793183, -1.8480519238328643, 2.905718044304278, 0.6912847212810977, 0.26506000864593804, 29.07169690407709, 6.456853722651571, 4.949115089244123, 0.2470574672619834, -0.44909612920753106, 2.2793343983226113, 0.22244211770220568, 22.699487664217575, -0.08270631032042886, 11.4125021274221, -11.088631797627102, 3.5950523670172223, 2.2882924908150644, 0.721033495903899, -0.3852141454293083, 4.49547650280784, 6.422187995954929, 