{"encoded_solution": [-1, 176, 99, 184, 103, 155, 30, 106, 48, 64, 128], "best_fitness": [0.0, 0.0, 0.0, 0.0, 0.0, 0.0, 0.0, 0.0, 0.0, 0.0, 0.0], "best_positions": [[0.21306938642260698, 0.3469500835901276, 0.49166048792929073, 0.2380529960085187, 0.8201804403113934, 0.3470047652906527, 0.7546814883350408, 0.5961671549896322, 0.30073088531478254, 0.6887381008261112, 0.7821713829042591, 0.8799179254234748, 0.32866561889191837, 0.33560460552327165, 0.4447986298424773, 0.618238655273339, 0.25590674246681655, 0.7439180660007803, 0.8781613161453081, 0.15136857075269972, 0.007850315713538336, 0.872378934429459, 0.21515792577251192, 0.15517323605443023, 0.03144207922051501, 0.3796641779051668, 0.17882476200278796, 0.2622549257430582, 0.27777232053014134, 0.7018675609245518, 0.8835601806975689, 0.9306309472077962, 0.4069791641670403, 0.9653837365063513, 0.26616961909960446, 0.8341400648803942, 0.7095317651279192, 0.12832768442090337, 0.8949075841907946, 0.31468622981148364, 0.29193528086824516, 0.7298218031267228, 0.02555667414251539, 0.0010280031378334664, 0.5952086644584552, 0.6267306255342642, 0.7868275069170971, 0.44057468955201795, 0.029246007687304343, 0.8296723963820787], [0.23927375714435312, 0.34774110653665624, 0.4983898958893369, 0.2403566888028788, 0.8191708209565799, 0.366502070480787, 0.7531908984646591, 0.6682191821185962, 0.3056739271488254, 0.6881602811326667, 0.7790516370750963, 0.8798514199184707, 0.33796780941984744, 0.3276446582546994, 0.4425521404058503, 0.6138513804101261, 0.2483906668861297, 0.8457365762782689, 0.873500166773869, 0.14398616753809956, 0.0061355321410496155, 0.8727856496835699, 0.21538029340768683, 0.14583191889635427, 0.02147755428316661, 0.36833514961236447, 0.16981422769643245, 0.2621506741100972, 0.2805951867549285, 0.7071405708252781, 0.8932678033954534, 0.9306745643388448, 0.4104723769034169, 0.9721933484509213, 0.26169728283696647, 0.8227954094904955, 0.7089817333995895, 0.12894024930590609, 0.9240498589457735, 0.2978475003764772, 0.3036826110578884, 0.7267497940056362, 0.02569070121399969, 0.002570689884191568, 0.6018823168610572, 0.6282984821196256, 0.7908818272535173, 0.4472062386135196, 0.035978088986470036, 0.8298506518174712], [0.23927375714435312, 0.34774110653665624, 0.4983898958893369, 0.2403566888028788, 0.8191708209565799, 0.366502070480787, 0.7531908984646591, 0.6682191821185962, 0.3056739271488254, 0.6881602811326667, 0.7790516370750963, 0.8798514199184707, 0.33796780941984744, 0.3276446582546994, 0.4425521404058503, 0.6138513804101261, 0.2483906668861297, 0.8457365762782689, 0.873500166773869, 0.14398616753809956, 0.0061355321410496155, 0.8727856496835699, 0.21538029340768683, 0.14583191889635427, 0.02147755428316661, 0.36833514961236447, 0.16981422769643245, 0.2621506741100972, 0.2805951867549285, 0.7071405708252781, 0.8932678033954534, 0.9306745643388448, 0.4104723769034169, 0.9721933484509213, 0.26169728283696647, 0.8227954094904955, 0.7089817333995895, 0.12894024930590609, 0.9240498589457735, 0.2978475003764772, 0.3036826110578884, 0.7267497940056362, 0.02569070121399969, 0.002570689884191568, 0.6018823168610572, 0.6282984821196256, 0.7908818272535173, 0.4472062386135196, 0.035978088986470036, 0.8298506518174712], [0.23927375714435312, 0.34774110653665624, 0.4983898958893369, 0.2403566888028788, 0.8191708209565799, 0.366502070480787, 0.7531908984646591, 0.6682191821185962, 0.3056739271488254, 0.6881602811326667, 0.7790516370750963, 0.8798514199184707, 0.33796780941984744, 0.3276446582546994, 0.4425521404058503, 0.6138513804101261, 0.2483906668861297, 0.8457365762782689, 0.873500166773869, 0.14398616753809956, 0.0061355321410496155, 0.8727856496835699, 0.21538029340768683, 0.14583191889635427, 0.02147755428316661, 0.36833514961236447, 0.16981422769643245, 0.2621506741100972, 0.2805951867549285, 0.7071405708252781, 0.8932678033954534, 0.9306745643388448, 0.4104723769034169, 0.9721933484509213, 0.26169728283696647, 0.8227954094904955, 0.7089817333995895, 0.12894024930590609, 0.9240498589457735, 0.2978475003764772, 0.3036826110578884, 0.7267497940056362, 0.02569070121399969, 0.002570689884191568, 0.6018823168610572, 0.6282984821196256, 0.7908818272535173, 0.4472062386135196, 0.035978088986470036, 0.8298506518174712], [-3.7599659529736345, -2.2550522047913475, 0.16405347048217084, 5.244878929368896, 2.334801570480794, 4.588654566500667, 0.8971533925113393, -0.6839751527325724, 0.7830800076842439, 0.4050793508231412, 0.8914127815433275, 2.071976300406711, 0.597623850447593, 0.7114626696899816, -0.7989960073451305, -0.6220339297340283, 0.26066113795455853, 3.861737344127826, 0.6981483789977477, -3.2058898353253875, -0.19028629392300667, 0.3687181757366563, -0.44715572935841663, 0.5307054307292323, 1.1467030562481946, 0.42696756747897646, 0.28292459925413516, -2.8853158844805122, 0.25764366689698454, 1.6720902692136042, 0.5932849244100065, 1.0594352244554712, -0.3909885914206086, 0.3876572958576088, 1.2060760539454383, -0.6544703127273666, 0.5140858571452831, 0.44376752619051607, 0.9334557225070376, -0.009987810055686719, 1.6618495583012298, 0.17198254081633024, 1.1373778481078598, 5.2000546372259855, 1.2289132622866283, 0.7532365934987388, -1.548592974293622, 0.06647872749598771, 2.492778555869987, -0.19677653128945827], [-3.7599659529736345, -2.2550522047913475, 0.16405347048217084, 5.244878929368896, 2.334801570480794, 4.588654566500667, 1.1998558248296194, -0.6839751527325724, 0.7830800076842439, 0.4050793508231412, 0.8914127815433275, 2.071976300406711, -0.8476433358182809, 0.7114626696899816, -0.7989960073451305, -0.6220339297340283, 0.26066113795455853, 0.6849497297861724, 0.6981483789977477, -3.2058898353253875, -0.19028629392300667, 0.3687181757366563, -0.44715572935841663, 0.5307054307292323, 1.1467030562481946, 0.42696756747897646, 0.40657648871127156, -2.8853158844805122, 0.25764366689698454, 1.6720902692136042, 0.5932849244100065, 1.0594352244554712, -0.3909885914206086, -15.584923577111862, 1.2060760539454383, -0.6544703127273666, 0.3243727875247295, 1.5790404972095131, 0.9213431418187754, -0.009987810055686719, 1.6618495583012298, 0.17198254081633024, 1.1373778481078598, 5.2000546372259855, 1.2289132622866283, 0.7532365934987388, -1.548592974293622, 0.06647872749598771, 2.492778555869987, -0.19677653128945827], [-3.9772348029247873, -2.2986158548225037, -0.07201501617710426, 5.174407759653903, 2.472453329349956, 4.394786012011995, 1.2973709832716138, -0.8641299331225805, 0.7822064322673529, 0.38235715332401327, 0.9594343470318875, 2.2765792598253256, -1.0026149728473621, 0.7697632303385817, -0.9773541344427952, -0.5944533509335488, 0.3028238433530695, 0.4490386662979092, 0.7127785796385713, -3.261809455646363, 0.057710643843628784, 0.5115255433431989, -0.2761590964521381, 0.6856456595356646, 1.0301023164421244, 0.5666829881045664, 0.6279432050739452, -3.1286070004343483, 0.38334170226487563, 1.7877312005041648, 0.5424925525050825, 0.8699976355023016, -0.3242058127719144, -15.741261047373467, 1.3529015122764552, -0.42578874535247846, 0.356133906185907, 1.4136520015054956, 0.9266780345780551, 0.13694555318737955, 1.421294858542434, 0.3726761384589859, 1.3227242703172184, 5.337698582148547, 1.1955748570198432, 0.6021902232861889, -1.6763062230035635, 0.12360288264643432, 2.7052927533946027, -0.375784119867983], [-3.9770840249784927, -2.297962437171407, -0.07260768197471834, 5.194973061302725, 2.4729116055360447, 4.397279133696294, 1.2971472484385629, -0.8661577690302551, 0.7823174116809, 0.3740710851128792, 0.9571434219313794, 2.2789433685617633, -1.0025122727280464, 0.7621295351076571, -0.9773876137090804, -0.5930038637715598, 0.3031894697215053, 0.45363415375911464, 0.7101653131394117, -3.260622247366617, 0.05847330481221147, 0.5116336195275318, -0.28071641907585665, 0.6864495285203666, 1.0328366571517218, 0.5703837375174566, 0.6263112903822282, -3.130261933888287, 0.3835577196208206, 1.7884001043075362, 0.5410389460729201, 0.8699296906745828, -0.32877739982232623, -15.741292593322065, 