{"encoded_solution": [-1, 187, 197, 17, 86, 62, 87, 7, 28, 16, 22], "best_fitness": [-1.0, -1.0, -1.0, -1.0, -1.0, -1.0, -1.0, -1.0, -1.0, -1.0, -1.0], "best_positions": [[0.1920081876688281, 0.9176901527706158, 0.49336064530299306, 0.15888957543961602, 0.6695754250767438, 0.4895446963977763, 0.43662653405643215, 0.147464328816036, 0.2754726056379797, 0.0874718066464748, 0.10755105764064343, 0.8561028048616155, 0.5048460301717752, 0.3027298768808534, 0.46787520262886884, 0.9735297678714859, 0.36728618011427394, 0.8217483507373629, 0.31767726644221894, 0.5038554938608856, 0.9843326655089032, 0.9041346773607104, 0.08746608248788224, 0.23488031786762054, 0.7461596044905248, 0.6848558357745271, 0.7658440228319938, 0.6132318475522791, 0.736857041144127, 0.55654388564613, 0.26624099088819286, 0.727121943818996, 0.4618225925221854, 0.646015909005959, 0.8914942734343934, 0.28004892390278435, 0.5932275355985591, 0.3588410571792353, 0.2937476174812267, 0.33131966910675914, 0.8598817298827701, 0.4441542632467088, 0.4257272822638536, 0.3779447804247553, 0.04431766884471755, 0.3253779260648496, 0.9441838696993428, 0.9715014234725249, 0.32624388004768656, 0.4787061981949149], [0.1920081876688281, 0.9176901527706158, 0.49336064530299306, 0.15888957543961602, 0.6695754250767438, 0.4895446963977763, 0.43662653405643215, 0.147464328816036, 0.2754726056379797, 0.0874718066464748, 0.10755105764064343, 0.8561028048616155, 0.5048460301717752, 0.3027298768808534, 0.46787520262886884, 0.9735297678714859, 0.36728618011427394, 0.8217483507373629, 0.31767726644221894, 0.5038554938608856, 0.9843326655089032, 0.9041346773607104, 0.08746608248788224, 0.23488031786762054, 0.7461596044905248, 0.6848558357745271, 0.7658440228319938, 0.6132318475522791, 0.736857041144127, 0.55654388564613, 0.26624099088819286, 0.727121943818996, 0.4618225925221854, 0.646015909005959, 0.8914942734343934, 0.28004892390278435, 0.5932275355985591, 0.3588410571792353, 0.2937476174812267, 0.33131966910675914, 0.8598817298827701, 0.4441542632467088, 0.4257272822638536, 0.3779447804247553, 0.04431766884471755, 0.3253779260648496, 0.9441838696993428, 0.9715014234725249, 0.32624388004768656, 0.4787061981949149], [0.1920081876688281, 0.9176901527706158, 0.49336064530299306, 0.15888957543961602, 0.6695754250767438, 0.4895446963977763, 0.43662653405643215, 0.147464328816036, 0.2754726056379797, 0.0874718066464748, 0.10755105764064343, 0.8561028048616155, 0.5048460301717752, 0.3027298768808534, 0.46787520262886884, 0.9735297678714859, 0.36728618011427394, 0.8217483507373629, 0.31767726644221894, 0.5038554938608856, 0.9843326655089032, 0.9041346773607104, 0.08746608248788224, 0.23488031786762054, 0.7461596044905248, 0.6848558357745271, 0.7658440228319938, 0.6132318475522791, 0.736857041144127, 0.55654388564613, 0.26624099088819286, 0.727121943818996, 0.4618225925221854, 0.646015909005959, 0.8914942734343934, 0.28004892390278435, 0.5932275355985591, 0.3588410571792353, 0.2937476174812267, 0.33131966910675914, 0.8598817298827701, 0.4441542632467088, 0.4257272822638536, 0.3779447804247553, 0.04431766884471755, 0.3253779260648496, 0.9441838696993428, 0.9715014234725249, 0.32624388004768656, 0.4787061981949149], [0.1920081876688281, 0.9176901527706158, 0.49336064530299306, 0.15888957543961602, 0.6695754250767438, 0.4895446963977763, 0.43662653405643215, 0.147464328816036, 0.2754726056379797, 0.0874718066464748, 0.10755105764064343, 0.8561028048616155, 0.5048460301717752, 0.3027298768808534, 0.46787520262886884, 0.9735297678714859, 0.36728618011427394, 0.8217483507373629, 0.31767726644221894, 0.5038554938608856, 0.9843326655089032, 0.9041346773607104, 0.08746608248788224, 0.23488031786762054, 0.7461596044905248, 0.6848558357745271, 0.7658440228319938, 0.6132318475522791, 0.736857041144127, 0.55654388564613, 0.26624099088819286, 0.727121943818996, 0.4618225925221854, 0.646015909005959, 0.8914942734343934, 0.28004892390278435, 0.5932275355985591, 0.3588410571792353, 0.2937476174812267, 0.33131966910675914, 0.8598817298827701, 0.4441542632467088, 0.4257272822638536, 0.3779447804247553, 0.04431766884471755, 0.3253779260648496, 0.9441838696993428, 0.9715014234725249, 0.32624388004768656, 0.4787061981949149], [0.1920081876688281, 0.9176901527706158, 0.49336064530299306, 0.15888957543961602, 0.6695754250767438, 0.4895446963977763, 0.43662653405643215, 0.147464328816036, 0.2754726056379797, 0.0874718066464748, 0.10755105764064343, 0.8561028048616155, 0.5048460301717752, 0.3027298768808534, 0.46787520262886884, 0.9735297678714859, 0.36728618011427394, 0.8217483507373629, 0.31767726644221894, 0.5038554938608856, 0.9843326655089032, 0.9041346773607104, 0.08746608248788224, 0.23488031786762054, 0.7461596044905248, 0.6848558357745271, 0.7658440228319938, 0.6132318475522791, 0.736857041144127, 0.55654388564613, 0.26624099088819286, 0.727121943818996, 0.4618225925221854, 0.646015909005959, 0.8914942734343934, 0.28004892390278435, 0.5932275355985591, 0.3588410571792353, 0.2937476174812267, 0.33131966910675914, 0.8598817298827701, 0.4441542632467088, 0.4257272822638536, 0.3779447804247553, 0.04431766884471755, 0.3253779260648496, 0.9441838696993428, 0.9715014234725249, 0.32624388004768656, 0.4787061981949149], [0.1920081876688281, 0.9176901527706158, 0.49336064530299306, 0.15888957543961602, 0.6695754250767438, 0.4895446963977763, 0.43662653405643215, 0.147464328816036, 0.2754726056379797, 0.0874718066464748, 0.10755105764064343, 0.8561028048616155, 0.5048460301717752, 0.3027298768808534, 0.46787520262886884, 0.9735297678714859, 0.36728618011427394, 0.8217483507373629, 0.31767726644221894, 0.5038554938608856, 0.9843326655089032, 0.9041346773607104, 0.08746608248788224, 0.23488031786762054, 0.7461596044905248, 0.6848558357745271, 0.7658440228319938, 0.6132318475522791, 0.736857041144127, 0.55654388564613, 0.26624099088819286, 0.727121943818996, 0.4618225925221854, 0.646015909005959, 0.8914942734343934, 0.28004892390278435, 0.5932275355985591, 0.3588410571792353, 0.2937476174812267, 0.33131966910675914, 0.8598817298827701, 0.4441542632467088, 0.4257272822638536, 0.3779447804247553, 0.04431766884471755, 0.3253779260648496, 0.9441838696993428, 0.9715014234725249, 0.32624388004768656, 0.4787061981949149], [0.1920081876688281, 0.9176901527706158, 0.49336064530299306, 0.15888957543961602, 0.6695754250767438, 0.4895446963977763, 0.43662653405643215, 0.147464328816036, 0.2754726056379797, 0.0874718066464748, 0.10755105764064343, 0.8561028048616155, 0.5048460301717752, 0.3027298768808534, 0.46787520262886884, 0.9735297678714859, 0.36728618011427394, 0.8217483507373629, 0.31767726644221894, 0.5038554938608856, 0.9843326655089032, 0.9041346773607104, 0.08746608248788224, 0.23488031786762054, 0.7461596044905248, 0.6848558357745271, 0.7658440228319938, 0.6132318475522791, 0.736857041144127, 0.55654388564613, 0.26624099088819286, 0.727121943818996, 0.4618225925221854, 0.646015909005959, 0.8914942734343934, 0.28004892390278435, 0.5932275355985591, 0.3588410571792353, 0.2937476174812267, 0.33131966910675914, 0.8598817298827701, 0.4441542632467088, 0.4257272822638536, 0.3779447804247553, 0.04431766884471755, 0.3253779260648496, 0.9441838696993428, 0.9715014234725249, 0.32624388004768656, 0.4787061981949149], [0.3378464539270247, 0.71926145011246, 0.25153739650705875, 0.4027335799866202, 0.26305589827452447, 0.47539745121040744, 0.49884883885715847, 0.13829318530588397, 0.8540039761445415, 0.7235388594428456, 0.3711403288642512, 0.16721043619135934, 0.6288493415355334, 0.061629454026410624, 0.7831854161725617, 0.14469873767549468, 0.6510446444482778, 0.14274117117099805, 0.6123453321589943, 0.6913351640539708, 0.31223828373774765, 0.6816479401777169, 0.431855700456075, 0.667791158256661, 0.7220661244983493, 0.7717088346449935, 0.4103766750619092, 0.6915138964273656, 0.24662007918162177, 0.45112740498372783, 0.4436160784734364, 0.36476853726992353, 0.7843999313364997, 0.9730771263951616, 0.41424545774641885, 0.425876572137035, 0.6799988639579215, 