{"encoded_solution": [-1, 30, 106, 115, 46, 154, 15, 174, 119, 3, 15], "best_fitness": [-1.0, -1.0, -1.0, -1.0, -1.0, -1.0, -1.0, -1.0, -1.0, -1.0, -1.0], "best_positions": [[0.9660684179442791, 0.07550565548792798, 0.13723867618533847, 0.2894011783650201, 0.5284810855864578, 0.5797926345220203, 0.49193325820985256, 0.6326687300686871, 0.27655090659042225, 0.21084760366299415, 0.8965087032299721, 0.5730600636296249, 0.38328583712764763, 0.40231665236606406, 0.2840527465630308, 0.9916964996786403, 0.6637906930447175, 0.16470281063996772, 0.02575268604169112, 0.5287170472573481, 0.7426828202388369, 0.9724936824868352, 0.5313154327606363, 0.5557786519944447, 0.62694529634802, 0.8094485731959703, 0.4505531499755788, 0.1041669119159987, 0.9033038717628055, 0.5244784388664223, 0.6246192346928273, 0.35009155735296993, 0.902300071303801, 0.8690534895990208, 0.7014022369895816, 0.8599395738407923, 0.47632873134330833, 0.04117327994721487, 0.8004156341766722, 0.8481583085835224, 0.8369540487898246, 0.9036606747126334, 0.36498091346693984, 0.6374579454373837, 0.9438661051739512, 0.09605138637869137, 0.7066728379074193, 0.24447265618597358, 0.9991111766471384, 0.15979552315050582], [0.9660684179442791, 0.07550565548792798, 0.13723867618533847, 0.2894011783650201, 0.5284810855864578, 0.5797926345220203, 0.49193325820985256, 0.6326687300686871, 0.27655090659042225, 0.21084760366299415, 0.8965087032299721, 0.5730600636296249, 0.38328583712764763, 0.40231665236606406, 0.2840527465630308, 0.9916964996786403, 0.6637906930447175, 0.16470281063996772, 0.02575268604169112, 0.5287170472573481, 0.7426828202388369, 0.9724936824868352, 0.5313154327606363, 0.5557786519944447, 0.62694529634802, 0.8094485731959703, 0.4505531499755788, 0.1041669119159987, 0.9033038717628055, 0.5244784388664223, 0.6246192346928273, 0.35009155735296993, 0.902300071303801, 0.8690534895990208, 0.7014022369895816, 0.8599395738407923, 0.47632873134330833, 0.04117327994721487, 0.8004156341766722, 0.8481583085835224, 0.8369540487898246, 0.9036606747126334, 0.36498091346693984, 0.6374579454373837, 0.9438661051739512, 0.09605138637869137, 0.7066728379074193, 0.24447265618597358, 0.9991111766471384, 0.15979552315050582], [0.9660684179442791, 0.07550565548792798, 0.13723867618533847, 0.2894011783650201, 0.5284810855864578, 0.5797926345220203, 0.49193325820985256, 0.6326687300686871, 0.27655090659042225, 0.21084760366299415, 0.8965087032299721, 0.5730600636296249, 0.38328583712764763, 0.40231665236606406, 0.2840527465630308, 0.9916964996786403, 0.6637906930447175, 0.16470281063996772, 0.02575268604169112, 0.5287170472573481, 0.7426828202388369, 0.9724936824868352, 0.5313154327606363, 0.5557786519944447, 0.62694529634802, 0.8094485731959703, 0.4505531499755788, 0.1041669119159987, 0.9033038717628055, 0.5244784388664223, 0.6246192346928273, 0.35009155735296993, 0.902300071303801, 0.8690534895990208, 0.7014022369895816, 0.8599395738407923, 0.47632873134330833, 0.04117327994721487, 0.8004156341766722, 0.8481583085835224, 0.8369540487898246, 0.9036606747126334, 0.36498091346693984, 0.6374579454373837, 0.9438661051739512, 0.09605138637869137, 0.7066728379074193, 0.24447265618597358, 0.9991111766471384, 0.15979552315050582], [0.9660684179442791, 0.07550565548792798, 0.13723867618533847, 0.2894011783650201, 0.5284810855864578, 0.5797926345220203, 0.49193325820985256, 0.6326687300686871, 0.27655090659042225, 0.21084760366299415, 0.8965087032299721, 0.5730600636296249, 0.38328583712764763, 0.40231665236606406, 0.2840527465630308, 0.9916964996786403, 0.6637906930447175, 0.16470281063996772, 0.02575268604169112, 0.5287170472573481, 0.7426828202388369, 0.9724936824868352, 0.5313154327606363, 0.5557786519944447, 0.62694529634802, 0.8094485731959703, 0.4505531499755788, 0.1041669119159987, 0.9033038717628055, 0.5244784388664223, 0.6246192346928273, 0.35009155735296993, 0.902300071303801, 0.8690534895990208, 0.7014022369895816, 0.8599395738407923, 0.47632873134330833, 0.04117327994721487, 0.8004156341766722, 0.8481583085835224, 0.8369540487898246, 0.9036606747126334, 0.36498091346693984, 0.6374579454373837, 0.9438661051739512, 0.09605138637869137, 0.7066728379074193, 0.24447265618597358, 0.9991111766471384, 0.15979552315050582], [0.9660684179442791, 0.07550565548792798, 0.13723867618533847, 0.2894011783650201, 0.5284810855864578, 0.5797926345220203, 0.49193325820985256, 0.6326687300686871, 0.27655090659042225, 0.21084760366299415, 0.8965087032299721, 0.5730600636296249, 0.38328583712764763, 0.40231665236606406, 0.2840527465630308, 0.9916964996786403, 0.6637906930447175, 0.16470281063996772, 0.02575268604169112, 0.5287170472573481, 0.7426828202388369, 0.9724936824868352, 0.5313154327606363, 0.5557786519944447, 0.62694529634802, 0.8094485731959703, 0.4505531499755788, 0.1041669119159987, 0.9033038717628055, 0.5244784388664223, 0.6246192346928273, 0.35009155735296993, 0.902300071303801, 0.8690534895990208, 0.7014022369895816, 0.8599395738407923, 0.47632873134330833, 0.04117327994721487, 0.8004156341766722, 0.8481583085835224, 0.8369540487898246, 0.9036606747126334, 0.36498091346693984, 0.6374579454373837, 0.9438661051739512, 0.09605138637869137, 0.7066728379074193, 0.24447265618597358, 0.9991111766471384, 0.15979552315050582], [0.9660684179442791, 0.07550565548792798, 0.13723867618533847, 0.2894011783650201, 0.5284810855864578, 0.5797926345220203, 0.49193325820985256, 0.6326687300686871, 0.27655090659042225, 0.21084760366299415, 0.8965087032299721, 0.5730600636296249, 0.38328583712764763, 0.40231665236606406, 0.2840527465630308, 0.9916964996786403, 0.6637906930447175, 0.16470281063996772, 0.02575268604169112, 0.5287170472573481, 0.7426828202388369, 0.9724936824868352, 0.5313154327606363, 0.5557786519944447, 0.62694529634802, 0.8094485731959703, 0.4505531499755788, 0.1041669119159987, 0.9033038717628055, 0.5244784388664223, 0.6246192346928273, 0.35009155735296993, 0.902300071303801, 0.8690534895990208, 0.7014022369895816, 0.8599395738407923, 0.47632873134330833, 0.04117327994721487, 0.8004156341766722, 0.8481583085835224, 0.8369540487898246, 0.9036606747126334, 0.36498091346693984, 0.6374579454373837, 0.9438661051739512, 0.09605138637869137, 0.7066728379074193, 0.24447265618597358, 0.9991111766471384, 0.15979552315050582], [0.9660684179442791, 0.07550565548792798, 0.13723867618533847, 0.2894011783650201, 0.5284810855864578, 0.5797926345220203, 0.49193325820985256, 0.6326687300686871, 0.27655090659042225, 0.21084760366299415, 0.8965087032299721, 0.5730600636296249, 0.38328583712764763, 0.40231665236606406, 0.2840527465630308, 0.9916964996786403, 0.6637906930447175, 0.16470281063996772, 0.02575268604169112, 0.5287170472573481, 0.7426828202388369, 0.9724936824868352, 0.5313154327606363, 0.5557786519944447, 0.62694529634802, 0.8094485731959703, 0.4505531499755788, 0.1041669119159987, 0.9033038717628055, 0.5244784388664223, 0.6246192346928273, 0.35009155735296993, 0.902300071303801, 0.8690534895990208, 0.7014022369895816, 0.8599395738407923, 0.47632873134330833, 0.04117327994721487, 0.8004156341766722, 0.8481583085835224, 0.8369540487898246, 0.9036606747126334, 0.36498091346693984, 0.6374579454373837, 0.9438661051739512, 0.09605138637869137, 0.7066728379074193, 0.24447265618597358, 0.9991111766471384, 0.15979552315050582], [0.9660684179442791, 0.07550565548792798, 0.13723867618533847, 0.2894011783650201, 0.5284810855864578, 0.5797926345220203, 0.49193325820985256, 0.6326687300686871, 0.27655090659042225, 0.21084760366299415, 0.8965087032299721, 0.5730600636296249, 0.38328583712764763, 0.40231665236606406, 0.2840527465630308, 0.9916964996786403, 0.6637906930447175, 0.16470281063996772, 0.02575268604169112, 0.5287170472573481, 0.7426828202388369, 0.9724936824868352, 0.5313154327606363, 0.5557786519944447, 0.62694529634802, 0.8094485731959703, 0.4505531499755788, 0.1041669119159987, 0.9033038717628055, 0.5244784388664223, 0.6246192346928273, 0.35009155735296993, 0.902300071303801, 0.8690534895990208, 0.7014022369895816, 