{"encoded_solution": [-1, 191, 172, 153, 102, 112, 189, 148, 21, 89, 192], "best_fitness": [94.0, -1.0, -1.0, -1.0, -1.0, -1.0, -1.0, -1.0, -1.0, -1.0, -1.0], "best_positions": [[0.6757044063633869, 0.39571032003573237, 0.930969941338139, 0.5541191364260698, 0.09654864418921294, 0.8138430093975386, 0.38993873620083586, 0.2321758616335613, 0.13859537976526237, 0.5742425925267888, 0.15421545140097315, 0.7908651421753764, 0.9075728862466987, 0.9689590249766864, 0.5718476152155197, 0.39406612575889954, 0.6620593294675514, 0.6848088030335997, 0.38309308701922706, 0.5750877731021161, 0.5360862076332312, 0.4392625373486265, 0.5986218465033011, 0.04836477492354174, 0.7316937288768034, 0.6568375348126837, 0.6429805519275821, 0.10661794899359933, 0.2934996526796415, 0.3211368142517612, 0.2862207428676953, 0.6066665690009935, 0.48099357296756295, 0.7678649244346866, 0.7993787558410063, 0.9856775879634875, 0.09745124103469904, 0.47171789404274, 0.5472004371014045, 0.1802189567251129, 0.9020386829574054, 0.065698150826492, 0.5244586152762518, 0.1910434937219202, 0.11411489556630883, 0.9629990343868138, 0.13014926278842642, 0.5057074428644526, 0.006217074231073316, 0.5784425279544468], [-1.0483196956111627, 0.9369351364236159, 0.5651011261603497, -0.02277994229724023, 0.3802272137158334, 1.018368765352741, -0.05664390463936275, 1.3118737015372441, -21.641165763086185, 0.59735187613203, 0.14181791181062464, 0.8711449802441047, 0.9873005604658189, 0.6835997288821759, 1.8135405335859298, 0.506847449997837, 0.8270174270031037, 0.9587628284442584, 0.590611043636879, -3.9445311139370975, 0.7562811606572678, -0.04007785555950283, 5.086322592225308, 0.8843720312923684, 1.0671759136671009, -1.2389785585104938, 0.9556230171620737, 1.0830518438761918, 1.1627926598580698, 0.2022552720690894, 0.10372104369225282, -0.5608377067328378, 0.7859495245639554, 1.2068245662626738, 0.18583681725217577, 0.9810522281924992, 0.9338341113460243, 1.7650866133172172, 0.6110130898910301, 0.6355776329354892, 0.5615833636413289, -0.8629965793151708, 0.6614242488815316, 0.1882804887320466, 0.15186045668703047, 0.9766017373104913, 0.6099388024858052, -0.30561130091656863, 0.14381641484929902, 0.5734862116906401], [-1.0414669780323316, 0.927614069076252, 0.5654006465714931, -0.017917058032744126, 0.3756965955546721, 1.0094025926593606, -0.05035134535236119, 1.307584202358072, -21.645020378461883, 0.5905492095780541, 0.1499383086513914, 0.8820783696219119, 0.9802230945502514, 0.6882179659280719, 1.8007998369829452, 0.5080044742473943, 0.829692976554411, 0.9665457368169357, 0.586424928641113, -3.9433025422658616, 0.7572486986138793, -0.0272742893242387, 5.083146466636456, 0.8819629240578912, 1.0672706029823709, -1.2449299324457959, 0.9452229493561477, 1.0791009295552454, 1.1674207721918635, 0.20463785106115295, 0.09243214649901371, -0.5665288242730586, 0.7837770932832118, 1.2067573198466373, 0.17734771404807265, 0.9740461321922185, 0.9413286727656849, 1.7619906562798027, 0.6120108110731826, 0.6460911696438338, 0.573146993548821, -0.8635754913882747, 0.6565733149085748, 0.18722256293821876, 0.15188542391567667, 0.9723344629983504, 0.6196387013375486, -0.30830262485152227, 0.1502125625157673, 0.5831209337530723], [-17.049222369375606, 1.362172623135355, 1.0179433095236003, 2.788829123700388, 0.16390426542458764, 0.9742858899559789, 0.14150098087081825, 15.74674776564662, -4.823307406969433, 0.6331520892789018, 0.16777283082096173, 0.7267329144665898, 0.8174220809141087, 0.6389235504020669, 7.5726449714778505, 0.4117123656889876, 0.8106561612836114, 0.40196528959000083, 2.0976294563894635, 0.4735244104458189, 1.601555532115814, 0.5079324291264359, -6.094989467913837, 0.9697358645792339, 0.6184024259899747, 1.9172060730931235, 0.7826730825427097, 2.528352729324418, 41.88861932732668, 0.357709727681808, -0.26210484568881864, 6.8638970323968636, 0.4660524145877936, 1.618220893650976, 0.3691851018358837, 0.9684322806961109, -0.8317134781988065, 5.816633528837085, 0.6294385203316846, 5.3545100697929495, 0.6519353232799587, 6.964802477689394, 32.20697879253642, 0.1915357611450511, 0.14813378501544566, 0.9680608112376625, 0.5645199077088292, 1.6030173790741145, -0.011193791423563804, -9.077463281641162], [-17.049222369375606, 1.362172623135355, 1.0179433095236003, 2.788829123700388, 0.16390426542458764, 0.9742858899559789, 0.14150098087081825, 15.74674776564662, -4.823307406969433, 0.6331520892789018, 0.16777283082096173, 0.7267329144665898, 0.8174220809141087, 0.6389235504020669, 7.5726449714778505, 0.4117123656889876, 0.8106561612836114, 0.40196528959000083, 2.0976294563894635, 0.4735244104458189, 1.601555532115814, 0.5079324291264359, -6.094989467913837, 0.9697358645792339, 0.6184024259899747, 1.9172060730931235, 0.7826730825427097, 2.528352729324418, 41.88861932732668, 0.357709727681808, -0.26210484568881864, 6.8638970323968636, 0.4660524145877936, 1.618220893650976, 0.3691851018358837, 0.9684322806961109, -0.8317134781988065, 5.816633528837085, 0.6294385203316846, 5.3545100697929495, 0.6519353232799587, 6.964802477689394, 32.20697879253642, 0.1915357611450511, 0.14813378501544566, 0.9680608112376625, 0.5645199077088292, 1.6030173790741145, -0.011193791423563804, -9.077463281641162], [39.622526735790494, -1.6595955542531655, -6.863862956765573, -148.22325532102604, 2.0810059608154696, 1.7792257360002361, -0.21997149705436958, -24.431518006857765, -385.2751512627491, 75.69697214340519, -16.697938889706222, -340.56455875342806, 10.683363340351333, 5.185087388081673, 11.208726545240857, -66.51364424612451, -22.56892249443866, 5.971147652307527, 4.383454325600812, 26.737847774541095, 5.397403348258419, 5.25081604250588, -129.1381572068752, -5.892361633999636, 8.098790600013315, 1.0265842292294434, -33.16904015195854, 1.4721589970170834, 157.50008852344934, 14.60774197538267, 2.8304996220525434, 8.321350294305326, 5.404304682518612, -145.24080823299425, -5.357048495854166, -1.6155774908969627, 54.7522895925585, 13.528363812647516, -105.77674125156085, -14.141276709375221, 58.33819026841918, 49.93352965745912, 0.7029281406312151, -7.631592563242558, 0.9747426454245507, -10.52164655987222, 0.39981056884543875, 4.364672521097355, -11.617578752735135, -46.14338992177311], [130.8669070043448, -17.864601109367666, -627.8069822530987, -329.60722476008294, 3.0738153372339085, -2.6180177618961538, 25.038094698944533, 7.4212958009607135, -270.61200695971354, 259.0431580938262, -8.04991428201458, -1611.090418742489, 53.8932506319697, 4.715324946440676, 20.69925672060711, -108.19811912531102, 42.68717836828512, 299.24189360603293, 33.84277440612062, 123.71566212760962, 18.32335234950369, 16.541126264852778, -1772.5881767978556, -104.13096430842744, -14.587558940928654, 1.7538471865332717, -5.469999395262073, -1.7496695198228918, 199.50347892839915, 49.735451835603364, 6.048292677836062, 9.956231826722892, 269.7423961587097, 63.002688444585125, 75.0501810460907, -3.5036635323254037, 16.459073708039863, 35.789279112062616, -725.513724532794, -15.00339904793784, 19.266829830500647, -85.81579830205932, -111.84647455873704, -23.339273330284378, 25.372511329860416, 61.39220782777325, -181.41695776930723, 120.39658930220003, -133.24843057797813, 63.57985658473602], [130.8669070043448, -17.864601109367666, -627.8069822530987, -329.60722476008294, 3.0738153372339085, -2.6180177618961538, 25.038094698944533, 7.4212958009607135, -270.61200695971354, 259.0431580938262, -8.04991428201458, -1611.090418742489, 53.8932506319697, 4.715324946440676, 20.69925672060711, -108.19811912531102, 42.68717836828512, 299.24189360603293, 33.84277440612062, 123.71566212760962, 18.32335234950369, 16.541126264852778, -1772.5881767978556, -104.13096430842744, -14.587558940928654, 1.7538471865332717, -5.469999395262073, -1.7496695198228918, 199.50347892839915, 49.735451835603364, 6.048292677836062, 9.956231826722892, 269.7423961587097, 63.002688444585125, 75.0501810460907, -3.5036635323254037, 16.459073708039863, 35.789279112062616, -725.513724532794, 