{"encoded_solution": [-1, 114, 56, 0, 158, 37, 0, 131, 76, 52, 81], "best_fitness": [-1.0, -1.0, -1.0, -1.0, -1.0, -1.0, -1.0, -1.0, -1.0, -1.0, -1.0], "best_positions": [[0.10361265166515699, 0.6278611851628595, 0.862835203878397, 0.12553501053749905, 0.7095275567841196, 0.13383687252664467, 0.8932808839639818, 0.47181889911488584, 0.5183297475662406, 0.12255303204073598, 0.5531705119276716, 0.6760773304678698, 0.9089521533354344, 0.8173546554505842, 0.6835482923963209, 0.4512661187853857, 0.6822072929739225, 0.48721091025436314, 0.013215674188905568, 0.18205922444531197, 0.13023188791909868, 0.16709115996322932, 0.04184472883162593, 0.047784693733469163, 0.9060641267115662, 0.305747254422438, 0.5389529319792054, 0.8877752510458339, 0.7881313914504346, 0.3180761421118715, 0.6813148092266929, 0.6927074375027437, 0.9119250356736589, 0.2553420037659978, 0.5441585028304535, 0.4207711590323093, 0.49813249266493964, 0.8793242032758577, 0.22766478322667616, 0.6266817290030335, 0.20883557398514796, 0.6013710801188243, 0.5936970514610154, 0.6986788557196644, 0.7563775958890949, 0.8583236069588016, 0.9278539813089777, 0.8692550866165636, 0.6368716054618351, 0.27280861307060267], [0.10361265166515699, 0.6278611851628595, 0.862835203878397, 0.12553501053749905, 0.7095275567841196, 0.13383687252664467, 0.8932808839639818, 0.47181889911488584, 0.5183297475662406, 0.12255303204073598, 0.5531705119276716, 0.6760773304678698, 0.9089521533354344, 0.8173546554505842, 0.6835482923963209, 0.4512661187853857, 0.6822072929739225, 0.48721091025436314, 0.013215674188905568, 0.18205922444531197, 0.13023188791909868, 0.16709115996322932, 0.04184472883162593, 0.047784693733469163, 0.9060641267115662, 0.305747254422438, 0.5389529319792054, 0.8877752510458339, 0.7881313914504346, 0.3180761421118715, 0.6813148092266929, 0.6927074375027437, 0.9119250356736589, 0.2553420037659978, 0.5441585028304535, 0.4207711590323093, 0.49813249266493964, 0.8793242032758577, 0.22766478322667616, 0.6266817290030335, 0.20883557398514796, 0.6013710801188243, 0.5936970514610154, 0.6986788557196644, 0.7563775958890949, 0.8583236069588016, 0.9278539813089777, 0.8692550866165636, 0.6368716054618351, 0.27280861307060267], [0.10361265166515699, 0.6278611851628595, 0.862835203878397, 0.12553501053749905, 0.7095275567841196, 0.13383687252664467, 0.8932808839639818, 0.47181889911488584, 0.5183297475662406, 0.12255303204073598, 0.5531705119276716, 0.6760773304678698, 0.9089521533354344, 0.8173546554505842, 0.6835482923963209, 0.4512661187853857, 0.6822072929739225, 0.48721091025436314, 0.013215674188905568, 0.18205922444531197, 0.13023188791909868, 0.16709115996322932, 0.04184472883162593, 0.047784693733469163, 0.9060641267115662, 0.305747254422438, 0.5389529319792054, 0.8877752510458339, 0.7881313914504346, 0.3180761421118715, 0.6813148092266929, 0.6927074375027437, 0.9119250356736589, 0.2553420037659978, 0.5441585028304535, 0.4207711590323093, 0.49813249266493964, 0.8793242032758577, 0.22766478322667616, 0.6266817290030335, 0.20883557398514796, 0.6013710801188243, 0.5936970514610154, 0.6986788557196644, 0.7563775958890949, 0.8583236069588016, 0.9278539813089777, 0.8692550866165636, 0.6368716054618351, 0.27280861307060267], [0.10361265166515699, 0.6278611851628595, 0.862835203878397, 0.12553501053749905, 0.7095275567841196, 0.13383687252664467, 0.8932808839639818, 0.47181889911488584, 0.5183297475662406, 0.12255303204073598, 0.5531705119276716, 0.6760773304678698, 0.9089521533354344, 0.8173546554505842, 0.6835482923963209, 0.4512661187853857, 0.6822072929739225, 0.48721091025436314, 0.013215674188905568, 0.18205922444531197, 0.13023188791909868, 0.16709115996322932, 0.04184472883162593, 0.047784693733469163, 0.9060641267115662, 0.305747254422438, 0.5389529319792054, 0.8877752510458339, 0.7881313914504346, 0.3180761421118715, 0.6813148092266929, 0.6927074375027437, 0.9119250356736589, 0.2553420037659978, 0.5441585028304535, 0.4207711590323093, 0.49813249266493964, 0.8793242032758577, 0.22766478322667616, 0.6266817290030335, 0.20883557398514796, 0.6013710801188243, 0.5936970514610154, 0.6986788557196644, 0.7563775958890949, 0.8583236069588016, 0.9278539813089777, 0.8692550866165636, 0.6368716054618351, 0.27280861307060267], [0.10361265166515699, 0.6278611851628595, 0.862835203878397, 0.12553501053749905, 0.7095275567841196, 0.13383687252664467, 0.8932808839639818, 0.47181889911488584, 0.5183297475662406, 0.12255303204073598, 0.5531705119276716, 0.6760773304678698, 0.9089521533354344, 0.8173546554505842, 0.6835482923963209, 0.4512661187853857, 0.6822072929739225, 0.48721091025436314, 0.013215674188905568, 0.18205922444531197, 0.13023188791909868, 0.16709115996322932, 0.04184472883162593, 0.047784693733469163, 0.9060641267115662, 0.305747254422438, 0.5389529319792054, 0.8877752510458339, 0.7881313914504346, 0.3180761421118715, 0.6813148092266929, 0.6927074375027437, 0.9119250356736589, 0.2553420037659978, 0.5441585028304535, 0.4207711590323093, 0.49813249266493964, 0.8793242032758577, 0.22766478322667616, 0.6266817290030335, 0.20883557398514796, 0.6013710801188243, 0.5936970514610154, 0.6986788557196644, 0.7563775958890949, 0.8583236069588016, 0.9278539813089777, 0.8692550866165636, 0.6368716054618351, 0.27280861307060267], [0.10361265166515699, 0.6278611851628595, 0.862835203878397, 0.12553501053749905, 0.7095275567841196, 0.13383687252664467, 0.8932808839639818, 0.47181889911488584, 0.5183297475662406, 0.12255303204073598, 0.5531705119276716, 0.6760773304678698, 0.9089521533354344, 0.8173546554505842, 0.6835482923963209, 0.4512661187853857, 0.6822072929739225, 0.48721091025436314, 0.013215674188905568, 0.18205922444531197, 0.13023188791909868, 0.16709115996322932, 0.04184472883162593, 0.047784693733469163, 0.9060641267115662, 0.305747254422438, 0.5389529319792054, 0.8877752510458339, 0.7881313914504346, 0.3180761421118715, 0.6813148092266929, 0.6927074375027437, 0.9119250356736589, 0.2553420037659978, 0.5441585028304535, 0.4207711590323093, 0.49813249266493964, 0.8793242032758577, 0.22766478322667616, 0.6266817290030335, 0.20883557398514796, 0.6013710801188243, 0.5936970514610154, 0.6986788557196644, 0.7563775958890949, 0.8583236069588016, 0.9278539813089777, 0.8692550866165636, 0.6368716054618351, 0.27280861307060267], [0.17915901208183282, 0.039377118262036714, 0.45853614607996085, 0.258805984175125, 0.23903312940935884, 0.2692252539847265, 0.24727455927634756, 0.30969817846217973, 0.9083361395426632, 0.04997659126437137, 0.670655331454152, 0.5664795806726581, 0.7939528094549817, 0.5459412380095984, 0.5920202447656835, 0.8074857409565832, 0.23943512403536094, 0.6770496180366675, 0.03788328460047341, 0.9141381169730619, 0.5529518687167265, 0.523638316485049, 0.813237729616388, 0.7771111823070456, 0.7933759318134931, 0.9628362071639076, 0.5066768178742651, 0.4202892047302922, 0.18497915996372516, 0.7678847610876302, 0.326036478905551, 0.7768482681181048, 0.06889858021776807, 0.9433858540174622, 0.49279273867514917, 0.3323183136409884, 0.5794889601299892, 0.6114992272967765, 0.03148405838810653, 0.013566149780058323, 0.898370948583865, 0.11642813974001198, 0.33842337658052024, 0.9509663972744115, 0.07730687626302535, 0.8159941040481793, 0.301821649975888, 0.21417390569461303, 0.007919024941926311, 0.9936487642270521], [0.17915901208183282, 0.039377118262036714, 0.45853614607996085, 0.258805984175125, 0.23903312940935884, 0.2692252539847265, 0.24727455927634756, 0.30969817846217973, 0.9083361395426632, 0.04997659126437137, 0.670655331454152, 0.5664795806726581, 0.7939528094549817, 0.5459412380095984, 0.5920202447656835, 0.8074857409565832, 0.23943512403536094, 0.6770496180366675, 0.03788328460047341, 0.9141381169730619, 0.5529518687167265, 0.523638316485049, 0.813237729616388, 0.7771111823070456, 0.7933759318134931, 0.9628362071639076, 0.5066768178742651, 0.4202892047302922, 0.18497915996372516, 0.7678847610876302, 0.326036478905551, 0.7768482681181048, 0.06889858021776807, 0.9433858540174622, 