{"encoded_solution": [-1, 150, 60, 23, 52, 121, 12, 111, 184, 95, 64], "best_fitness": [-1.0, -1.0, -1.0, -1.0, -1.0, -1.0, -1.0, -1.0, -1.0, -1.0, -1.0], "best_positions": [[0.8371093245465915, 0.4832977417216271, 0.12527326439527875, 0.5735214380410508, 0.6423064798144792, 0.7923200664680532, 0.9601829644798825, 0.8402372062673362, 0.4235588070284839, 0.45071650511554706, 0.1165041129733061, 0.21050463410584952, 0.21181646760948958, 0.7400197659333799, 0.38617789230680954, 0.7645683936355905, 0.18601880474960697, 0.6441720656606925, 0.10163329089290152, 0.1862319275584129, 0.26741679838449095, 0.8585292217656206, 0.2710491831803714, 0.7666242529746677, 0.48366016754394936, 0.4202759458572828, 0.8102004507334235, 0.5814657250605332, 0.8827743481181636, 0.4038444778563026, 0.02360471165753686, 0.2534059828520636, 0.27012196411813194, 0.4372640027725323, 0.4642491952645267, 0.3719610071892868, 0.2645095684311831, 0.8413583424637942, 0.4341444140051809, 0.7782320587462013, 0.41666276282855486, 0.9074033960428777, 0.7009252113065784, 0.32914867060259567, 0.41639022111120483, 0.32230747380700886, 0.33074881227134845, 0.33703293723342775, 0.8968942224489644, 0.9084005074322806], [0.8371093245465915, 0.2677449707220668, 0.12527326439527875, 0.5735214380410508, 0.6423064798144792, 0.7923200664680532, 0.9601829644798825, 0.8402372062673362, 0.4235588070284839, 0.45071650511554706, 0.49947366875497146, 0.21050463410584952, 0.34900559638309925, 0.7400197659333799, 0.38617789230680954, 0.7645683936355905, 0.18601880474960697, 0.3895527851117759, 0.10163329089290152, 0.1862319275584129, 0.26741679838449095, 0.8585292217656206, 0.2710491831803714, 0.7666242529746677, 0.48366016754394936, 0.44185706221318233, 0.8102004507334235, 0.5814657250605332, 0.8827743481181636, 0.4038444778563026, 0.02360471165753686, 0.732985373211589, 0.21723664408963583, 0.41146610325302535, 0.4642491952645267, 0.37109738246991236, 0.2645095684311831, 0.8413583424637942, 0.4341444140051809, 0.7782320587462013, 0.3481223923690112, 0.9074033960428777, 0.7009252113065784, 0.6215022871048704, 0.17013404733602422, 0.32230747380700886, 0.33074881227134845, 0.33703293723342775, 0.8968942224489644, 0.9084005074322806], [0.7914334482081565, 0.2677449707220668, 0.12527326439527875, 0.5735214380410508, 0.6423064798144792, 0.7923200664680532, 0.9601829644798825, 0.8402372062673362, 0.4235588070284839, 0.45071650511554706, 0.49947366875497146, 0.4649440216918818, 0.34900559638309925, 0.7400197659333799, 0.38617789230680954, 0.7645683936355905, 0.18601880474960697, 0.08299837720321279, 0.10163329089290152, 0.3895008516954702, -0.11360931073553704, 0.8585292217656206, 0.2876874301839396, 0.7666242529746677, 0.48366016754394936, 0.5044431078132018, 0.8102004507334235, 0.5814657250605332, 0.8827743481181636, 0.4038444778563026, 0.02360471165753686, 0.8018854295011433, 0.21723664408963583, 0.41146610325302535, 0.4642491952645267, 0.37109738246991236, 0.2645095684311831, 0.8413583424637942, 0.4341444140051809, 0.7782320587462013, 0.3481223923690112, 0.9074033960428777, 0.7009252113065784, 0.6215022871048704, 0.035992576685841327, 0.6654204850862253, -0.19748976762567516, 0.33703293723342775, 0.8968942224489644, 0.9084005074322806], [1.2340233726418837, 4.497490516897946, -0.7510516751285161, 0.6892437260406704, -1.9522513309747174, 1.3600742455873507, 2.0582993615019665, 0.436287950531994, 0.5363486136556317, 0.788296685624688, -0.4776845346235219, 4.001908384140559, 1.62986931053294, 2.8954221372348914, 3.7206406899274196, 2.367615847469749, -3.3386191971214947, 0.996258511956809, 1.1396300679638536, 3.2953461519754335, 0.8199571142028019, 6.03888725050926, 0.3875931304890383, 1.5103746794587407, 4.63721258877299, 0.5816322876122031, 0.8352190289522645, 2.6152966474263786, 0.4601980548001845, 2.049643132925273, 2.615425893549979, -3.4650521406684764, -1.9323085671162925, -0.8197400485046709, 3.8980801129572207, -4.97181144846755, 4.846471448825574, -15.064335285322253, 5.408061011510045, 2.289540222675972, 4.469035534811424, -5.4887968255735515, -1.4285206369007533, 6.520310003564348, 4.974002226052098, 2.729423618472011, -2.4999928754380636, -0.45184776409895355, -1.491886025021175, 1.9419019961590354], [-4.72733818634978, 7.612950604269356, -0.9093849106070637, 0.6892437260406704, -1.9522513309747174, 1.3600742455873507, 52.73242319248486, 0.436287950531994, 0.5363486136556317, 0.788296685624688, -0.4776845346235219, 115.5688470347761, 12.275344701004354, 3.8172160006894247, 3.7206406899274196, 2.367615847469749, -3.3386191971214947, 0.996258511956809, 1.1766413596142833, 3.2953461519754335, 0.8199571142028019, 6.03888725050926, 0.3875931304890383, 1.5103746794587407, 4.63721258877299, 0.5816322876122031, 0.8352190289522645, 2.6152966474263786, 0.4601980548001845, 2.049643132925273, 2.615425893549979, -3.4650521406684764, -1.9323085671162925, -0.8197400485046709, 7.210383840770858, -18.210714656331582, 4.846471448825574, -15.064335285322253, 5.408061011510045, 3.7079559085288767, 4.469035534811424, -5.4887968255735515, -1.4285206369007533, 41.02601501236445, 4.974002226052098, 2.729423618472011, -2.4999928754380636, -0.45184776409895355, -1.491886025021175, 1.9419019961590354], [-4.72733818634978, 7.612950604269356, -0.9093849106070637, 0.6892437260406704, -1.9522513309747174, 1.3600742455873507, 52.73242319248486, 0.436287950531994, 0.5363486136556317, 0.788296685624688, -0.4776845346235219, 115.5688470347761, 12.275344701004354, 3.8172160006894247, 3.7206406899274196, 2.367615847469749, -3.3386191971214947, 0.996258511956809, 1.1766413596142833, 3.2953461519754335, 0.8199571142028019, 6.03888725050926, 0.3875931304890383, 1.5103746794587407, 4.63721258877299, 0.5816322876122031, 0.8352190289522645, 2.6152966474263786, 0.4601980548001845, 2.049643132925273, 2.615425893549979, -3.4650521406684764, -1.9323085671162925, -0.8197400485046709, 7.210383840770858, -18.210714656331582, 4.846471448825574, -15.064335285322253, 5.408061011510045, 3.7079559085288767, 4.469035534811424, -5.4887968255735515, -1.4285206369007533, 41.02601501236445, 4.974002226052098, 2.729423618472011, -2.4999928754380636, -0.45184776409895355, -1.491886025021175, 1.9419019961590354], [-178.8443019295724, 25.33916616691365, 107.94424149516848, -6.5668309050147124, -0.7643898552951978, 21.437916420218645, 6608.750884038465, -12.289143037731813, 140.98393250161408, -615.3014776626708, 207.29391554047004, 76.77327582825068, 103.70530815019175, 224.93681509949099, 238.01919477140314, -28.228752326907543, 10.601801937786085, -151.894211454505, 194.94672276287713, 8405.816775963689, 2.087607568797361, 98.109995322274, 1.8081161748673305, 1.7626159972678577, 1586.2378165508817, 88.27195180554027, 91.88614015525131, 68.71838949463802, 133.49196099523667, -138.55124433799097, 29.873361429627835, 430.74045345602013, 917.4699020402237, 354.2477963365046, 331.0001732996105, -436.64694092859764, -19.784274745717692, -268.42403418329025, -10.039420798663524, 32.04923609606526, -7.268597785786826, -308.13996363238965, 47.79453527844664, -515.4347363708306, 11.760595795074707, -601.3235587793533, -21.462876323357957, -2.5617367741860337, 88.61650339598816, 6.28900937197352], [-178.84094598196486, 25.344126140035655, 107.94796581531867, -6.57214427518423, -0.7766565052266656, 21.441640601231658, 6608.725276973877, -12.288331506985235, 140.98653605236007, -615.3013670890273, 207.29552574632675, 76.77399380115067, 103.7103524560179, 224.93503109303586, 238.02140242407157, -28.225405746671704, 10.59669665500772, -151.90275037643696, 194.96882282129445, 8405.815133362365, 2.090920469752938, 98.11613433104672, 1.7950044784742536, 1.7628832407351085, 1586.2345038725034, 88.27943425827343, 91.8846384633489, 68.71703359186073, 133.49601970722293, -138.565244532794, 29.870415355293474, 430.7444540374425, 917.4735636068463, 354.26610094311513, 330.99540390568524, -436.6463935897869, -19.78119894112881, -268.4295689424299, -10.032843199247232, 