{"encoded_solution": [-1, 60, 185, 164, 56, 18, 70, 158, 199, 79, 172], "best_fitness": [-1.0, -1.0, -1.0, -1.0, -1.0, -1.0, -1.0, -1.0, -1.0, -1.0, -1.0], "best_positions": [[0.25655300703424155, 0.7883172637129442, 0.12895235940242045, 0.4063924728205357, 0.4803424249653573, 0.9945661066157404, 0.4040520408609659, 0.42488395787484134, 0.42824928696547127, 0.9425827462671572, 0.16160493452083624, 0.7103715294166417, 0.21058159409109356, 0.8077024460769962, 0.9075303845579048, 0.5455835713152428, 0.2648338712628664, 0.9127255441444619, 0.4062018837984508, 0.8577449593260852, 0.36697044650998867, 0.1413446106418167, 0.5633445815600282, 0.4082425614576205, 0.1609540330917807, 0.13976828923909557, 0.5700127865889546, 0.7941571994088076, 0.41246172354046073, 0.7786352561242398, 0.37607981391845036, 0.11181739244516808, 0.8426555369657734, 0.5861113595893673, 0.6358563263483047, 0.5219621185881893, 0.21599436314410714, 0.3820719473742419, 0.6108944129147112, 0.9967674414327468, 0.5922000218143082, 0.1629089634308697, 0.9463273609998994, 0.891502351586639, 0.432893976617476, 0.9047424837307075, 0.5347761327058542, 0.014078783177632892, 0.0005288889519330375, 0.7379488595421596], [0.4152425242756872, 0.761172590828397, 0.24015179236270007, 0.07742882927161582, 0.2567726753462116, 0.7945522407997807, 0.23804396260323735, 0.623964837417664, 0.6036199860822165, 0.8858391596346475, 0.26311257817316647, 0.7395946714888639, 0.09668134411055601, 1.0385368744610977, 0.9292488759576278, 0.48575100312747815, 0.28865814922953353, 2.819294707557443, 0.318058719145316, 0.8234377137587925, 0.251218400250912, 0.008529424590866141, 0.36682565309400156, 0.23472787691880365, 0.16942165282919786, 0.30035811593724693, 0.38677759707762027, 0.9329056800980684, 0.1731192475876518, 0.9596945846271958, 0.4121188728055524, 0.011684581493592028, 1.0158285988084912, 0.4040989118080039, 0.44403047385910854, 0.5972945004162704, 0.44217118275388895, 0.33586069773703603, 0.5298864754028574, 0.9336960883737961, 0.8135241818445126, 0.04045621904924934, 0.7298130180560487, 1.0360125149720218, 0.3142190388849443, 1.691697355737646, 0.7104259665064414, 0.06686845944883563, -0.19333970692852986, 0.6338766293940981], [0.32662899182040395, 1.1125023275613433, 0.40271550361225555, -1.0245296035374203, -0.10270389799215152, 1.2065669001042583, -1.4368425762046004, 0.8576679259045393, 0.4846678215877581, 0.6873839720560359, 0.2008136043086839, 0.9020388578562037, 0.5250522717451137, 2.7350825593295927, 0.9984746604543979, 0.6389022598426977, -0.452945973038996, 11.337959450356708, 0.6926209390785105, 0.11406494379335347, 1.176830675329112, -0.9048281111426819, 0.5659796658487172, -0.20265481585920297, 0.04803235503550124, -0.8990307341933579, 1.0479490179136972, -0.06355757454236644, 0.8530390483436683, 0.24033244373899232, 0.4526787892612806, 0.02315815969836621, 1.7364202988629236, 0.3213225195635439, 0.1930226356186171, 1.1643160676909672, -1.0992706793490543, 1.7604380339412982, -0.7869079368281362, -1.013219762461642, 1.225747929738375, 0.06074234506967363, 0.5675110236731655, 3.1978316998047744, -0.28938890776065385, 1.3744742040979185, 0.2270637978676711, 0.3704141651339908, 0.6479941977078877, 0.460431201026924], [0.40968243275922234, 0.7021863860688975, 0.5793245542838042, 0.6948150549268222, 0.9535261801048629, 0.5976851965124649, 0.5293263027456734, 0.0969451293901683, 0.9093920953400507, 0.12346738861130091, 0.11894642390463872, 0.024406978109429156, 0.8650528197312088, 0.4072669473555469, 0.733403800741395, 0.5269550321509224, 0.7971424254708096, 0.6523814307842127, 0.32296659533718153, 0.06083783528388842, 0.07047663576314966, 0.4022323414658454, 0.7219632971614712, 0.23574523130186598, 0.5775958518303409, 0.4780294989602578, 0.5110120719180384, 0.20119284893242073, 0.41468309434392514, 0.8020844983500255, 0.7973627859040243, 0.3093151911526739, 0.40439743276152385, 0.6170315419172825, 0.6057489351690456, 0.10863156772205185, 0.8960892170259501, 0.7499838803644882, 0.22261969955249994, 0.4865087867897795, 0.2163036114795246, 0.8006910849297569, 0.11850027186286094, 0.0286380375361035, 0.7228070271252481, 0.543736917330469, 0.9083862662622256, 0.35219829724185947, 0.3975407881086227, 0.9171501705362508], [0.35881897275007, 2.045395653256251, 0.5927335379758, 0.8259904215641346, 0.9947715439722806, 0.3531572168777601, 0.3622093676304983, 0.2266566034689188, 1.118570771385827, 0.057117048308258256, 0.20542762528267694, 0.13718829084898615, 0.8699989100530201, 0.25207715868358127, 0.9125252525905031, 0.6331686300098598, 0.6230123388213027, 0.5126629617783903, 0.3033250540680033, 0.1283588853996509, 0.24786740866803547, 0.5235689995896611, 0.7634832689037621, 0.08590773787100076, 0.7524324843737422, 0.45656335083571287, 0.31265486260742326, 0.2416255362443781, -0.1836194430953788, 1.0357583364828327, 0.9605631456456818, 0.18052210967282079, 0.6531935354721659, 0.646096932396513, 0.6045883460454394, 0.34928796570717363, 0.9293365382415644, 0.6701537316910293, 0.4080470377987465, 0.6696765778449327, 0.38712767404184273, 0.957063320520616, 0.09936838291945077, -0.12587393900566357, 0.7691086679862843, 0.662423303169207, 0.824951232133084, 0.4165487402986192, 0.20431230731021355, 1.068074353055552], [0.567367475486333, 3.8359076074544722, 1.7325084000860336, 1.3479689774734518, 1.6957060786692117, 0.18922430305052163, -0.3280790082969023, -0.4501723878686994, 1.6147925810528991, 0.04306162258718116, 0.1687342631148434, -1.2558534669496637, 1.3534086814001276, 0.5499698316597961, 1.2479149303665298, 1.058591439655368, 1.0558818959298693, 0.22758488588991527, -0.1285794173342406, 0.7107060988265833, 0.34588743303908, 1.4237651041614274, -0.27274470543429963, 0.5117122592453605, 0.8661770233037704, 0.3443743770407226, -0.2664970891232783, 0.5109520554216274, -0.11376416242913834, 1.0039107276306338, 1.230044062037789, 1.443295821862908, 0.7437677389410711, 0.3280619736565643, 0.7591403795436357, 0.5044540382546929, 1.2527203714888753, 1.1262296544758046, -0.2935634536938826, 0.8982901200734029, -0.04107533126535157, 1.390229032126234, 0.22323096816987803, -0.6556697929327107, 1.8462782772385555, 1.0333752404344678, 1.625968784949533, 0.9298167868544904, -0.32366931286426714, 2.235274712344242], [0.567367475486333, 3.8359076074544722, 1.7325084000860336, 1.3479689774734518, 1.6957060786692117, 0.18922430305052163, -0.3280790082969023, -0.4501723878686994, 1.6147925810528991, 0.04306162258718116, 0.1687342631148434, -1.2558534669496637, 1.3534086814001276, 0.5499698316597961, 1.2479149303665298, 1.058591439655368, 1.0558818959298693, 0.22758488588991527, -0.1285794173342406, 0.7107060988265833, 0.34588743303908, 1.4237651041614274, -0.27274470543429963, 0.5117122592453605, 0.8661770233037704, 0.3443743770407226, -0.2664970891232783, 0.5109520554216274, -0.11376416242913834, 1.0039107276306338, 1.230044062037789, 1.443295821862908, 0.7437677389410711, 0.3280619736565643, 0.7591403795436357, 0.5044540382546929, 1.2527203714888753, 1.1262296544758046, -0.2935634536938826, 0.8982901200734029, -0.04107533126535157, 1.390229032126234, 0.22323096816987803, -0.6556697929327107, 1.8462782772385555, 1.0333752404344678, 1.625968784949533, 0.9298167868544904, -0.32366931286426714, 2.235274712344242], [0.567367475486333, 3.8359076074544722, 1.7325084000860336, 1.3479689774734518, 1.6957060786692117, 0.18922430305052163, -1.081624235468165, -0.4501723878686994, 1.6147925810528991, 0.05399885583027708, -1.871039774020197, -1.2558534669496637, 1.3534086814001276, 0.5499698316597961, 1.2479149303665298, 1.058591439655368, 1.0558818959298693, 0.23287367642907103, -0.1285794173342406, 0.7493444933288528, -1.9537731057141592, 3.0938875243007056, -0.27274470543429963, 0.5117122592453605, 0.8661770233037704, 0.3443743770407226, -0.3046900739227767, 0.15842018133661823, -0.11376416242913834, 0.8739648669589826, 1.230044062037789, 1.443295821862908, 0.7437677389410711, 0.3280619736565643, 0.7591403795436357, 