{"encoded_solution": [-1, 68, 59, 123, 107, 40, 91, 43, 199, 55, 60], "best_fitness": [0.0, 0.0, 0.0, 0.0, 0.0, 0.0, 0.0, 0.0, 0.0, 0.0, 0.0], "best_positions": [[0.8457655468696543, 0.7509530791060788, 0.9741596111951982, 0.5915723993620946, 0.38607464432324623, 0.7265138006366147, 0.7722783805968739, 0.43474915807295555, 0.9221942231731408, 0.6581752110791828, 0.5033187351436468, 0.42404026933981886, 0.5445277963913121, 0.8407148751191204, 0.46263580366661994, 0.45890097152637643, 0.8824069985124742, 0.9842381727965855, 0.37285292490304656, 0.5548648776278019, 0.7374333625967019, 0.6688193281466591, 0.3800995969000771, 0.00442666205899267, 0.16794372522274104, 0.1511922899860645, 0.422456612805864, 0.48762859265981584, 0.3188700363048903, 0.2166029199064312, 0.164437585634574, 0.3543386996114587, 0.8762933245370013, 0.19307424461603218, 0.2649422472986963, 0.12041347962361793, 0.4529534714578656, 0.035121527936505026, 0.583992226836263, 0.6232532874949223, 0.6162584454341947, 0.8602137426964156, 0.14243866725653076, 0.15495124896001733, 0.47645513556414665, 0.5466279946229493, 0.11541159801949485, 0.07679233335283298, 0.6538609232429041, 0.2947120843165], [0.8457655468696543, 0.7509530791060788, 0.9741596111951982, 0.5915723993620946, 0.38607464432324623, 0.7265138006366147, 0.7722783805968739, 0.43474915807295555, 0.9221942231731408, 0.6581752110791828, 0.5033187351436468, 0.42404026933981886, 0.5445277963913121, 0.8407148751191204, 0.46263580366661994, 0.45890097152637643, 0.8824069985124742, 0.9842381727965855, 0.37285292490304656, 0.5548648776278019, 0.7374333625967019, 0.6688193281466591, 0.3800995969000771, 0.00442666205899267, 0.16794372522274104, 0.1511922899860645, 0.422456612805864, 0.48762859265981584, 0.3188700363048903, 0.2166029199064312, 0.164437585634574, 0.3543386996114587, 0.8762933245370013, 0.19307424461603218, 0.2649422472986963, 0.12041347962361793, 0.4529534714578656, 0.035121527936505026, 0.583992226836263, 0.6232532874949223, 0.6162584454341947, 0.8602137426964156, 0.14243866725653076, 0.15495124896001733, 0.47645513556414665, 0.5466279946229493, 0.11541159801949485, 0.07679233335283298, 0.6538609232429041, 0.2947120843165], [0.8457655468696543, 0.7509530791060788, 0.9741596111951982, 0.5915723993620946, 0.38607464432324623, 0.7265138006366147, 0.7722783805968739, 0.43474915807295555, 0.9221942231731408, 0.6581752110791828, 0.5033187351436468, 0.42404026933981886, 0.5445277963913121, 0.8407148751191204, 0.46263580366661994, 0.45890097152637643, 0.8824069985124742, 0.9842381727965855, 0.37285292490304656, 0.5548648776278019, 0.7374333625967019, 0.6688193281466591, 0.3800995969000771, 0.00442666205899267, 0.16794372522274104, 0.1511922899860645, 0.422456612805864, 0.48762859265981584, 0.3188700363048903, 0.2166029199064312, 0.164437585634574, 0.3543386996114587, 0.8762933245370013, 0.19307424461603218, 0.2649422472986963, 0.12041347962361793, 0.4529534714578656, 0.035121527936505026, 0.583992226836263, 0.6232532874949223, 0.6162584454341947, 0.8602137426964156, 0.14243866725653076, 0.15495124896001733, 0.47645513556414665, 0.5466279946229493, 0.11541159801949485, 0.07679233335283298, 0.6538609232429041, 0.2947120843165], [0.8568008054551757, 0.6407169483504312, 0.9734067422860021, 0.5874570911130653, 0.38214141192944706, 0.7311309536512451, 0.771998656573663, 0.43525883987940395, 0.924458084435811, 0.1426419114728581, 0.5028917040345713, -2.3767278353094228, 0.547261814703949, 0.8367089026362768, 0.46731997876731307, 0.4553922039767596, 0.8864183813261812, 0.9885020829667326, 0.36850390693211155, 0.5544271838259976, 0.7362779081073749, 0.6699095214391022, 0.3835826596486285, 0.0041972925968528085, 0.23958018947912324, 0.15069174805659546, 0.3983514998491743, 0.24090081589777562, 0.3204846161035424, 0.21332201131985434, 0.16609649725236603, 0.3650377620683944, 0.8800289145220999, 0.1970625662105604, 0.26328043098081655, 0.11802056440126657, 0.45009646364676237, 0.06561743481172155, 0.5885189083766792, 0.6684727621334646, 0.6128633497080334, 0.858805811379086, 0.14736711847911482, 0.15590411111287478, 0.4856715449664496, 0.5442737435159092, 0.11427470872045176, 0.04665463284994309, 0.6493840129231401, 0.29704433910115224], [0.8568008054551757, 0.6407169483504312, 0.9734067422860021, 0.5874570911130653, 0.38214141192944706, 0.7311309536512451, 0.771998656573663, 0.43525883987940395, 0.924458084435811, 0.1426419114728581, 0.5028917040345713, -2.3767278353094228, 0.547261814703949, 0.8367089026362768, 0.46731997876731307, 0.4553922039767596, 0.8864183813261812, 0.9885020829667326, 0.36850390693211155, 0.5544271838259976, 0.7362779081073749, 0.6699095214391022, 0.3835826596486285, 0.0041972925968528085, 0.23958018947912324, 0.15069174805659546, 0.3983514998491743, 0.24090081589777562, 0.3204846161035424, 0.21332201131985434, 0.16609649725236603, 0.3650377620683944, 0.8800289145220999, 0.1970625662105604, 0.26328043098081655, 0.11802056440126657, 0.45009646364676237, 0.06561743481172155, 0.5885189083766792, 0.6684727621334646, 0.6128633497080334, 0.858805811379086, 0.14736711847911482, 0.15590411111287478, 0.4856715449664496, 0.5442737435159092, 0.11427470872045176, 0.04665463284994309, 0.6493840129231401, 0.29704433910115224], [1.2241665027972553, 2.0095465938859203, 0.9035388292041047, 0.7988371992615799, 0.38190808990509006, 0.7246157724977751, 0.8274819121863544, 0.3878894207870397, 1.8529890767894797, 0.041832745465480436, 0.3406227028796047, -5.382384027187925, 0.4740013081275125, 1.117975034578526, 0.528266319648496, 0.5229809599755602, 1.2493100548858802, 0.5058146822361804, 0.26170629093121106, 0.4969551653025605, 0.7091241655453994, 0.3438850946233334, 0.48876653392287756, -0.034199597471269105, 0.07628000032681448, 1.6346249069511478, 0.36794235959318994, -0.23718051121286787, 0.4298235026112208, 0.08427409752105952, 0.10098831305607892, 0.42636564629646156, 0.9452190132534458, 0.40807251400705064, 0.6209804428835461, 0.15192456218412725, -0.24405829850830596, 0.24412594213506555, 1.034360558633868, 0.2926767790364429, 0.5385109653808562, 0.8810735899789126, 1.2393550638170878, 6.4344481642983276, 0.8280417544725047, 0.5421273246512224, -0.9823552043775172, 2.725457147634752, 0.9320087915231228, -0.010149933403263534], [1.2241665027972553, 2.0095465938859203, 0.9035388292041047, 0.7988371992615799, 0.38190808990509006, 0.7246157724977751, 0.8274819121863544, 0.3878894207870397, 1.8529890767894797, 0.041832745465480436, 0.3406227028796047, -5.382384027187925, 0.4740013081275125, 1.117975034578526, 0.528266319648496, 0.5229809599755602, 1.2493100548858802, 0.5058146822361804, 0.26170629093121106, 0.4969551653025605, 0.7091241655453994, 0.3438850946233334, 0.48876653392287756, -0.034199597471269105, 0.07628000032681448, 1.6346249069511478, 0.36794235959318994, -0.23718051121286787, 0.4298235026112208, 0.08427409752105952, 0.10098831305607892, 0.42636564629646156, 0.9452190132534458, 0.40807251400705064, 0.6209804428835461, 0.15192456218412725, -0.24405829850830596, 0.24412594213506555, 1.034360558633868, 0.2926767790364429, 0.5385109653808562, 0.8810735899789126, 1.2393550638170878, 6.4344481642983276, 0.8280417544725047, 0.5421273246512224, -0.9823552043775172, 2.725457147634752, 0.9320087915231228, -0.010149933403263534], [3.1297286053343267, 10.23327577326076, 8.793603775018276, -2.6963208037806656, 0.1347371877994316, 2.6482976043990396, -2.896478284827379, -5.043081317756612, 2.8849052761930967, -1.07461887169293, 0.8682961598468137, -9.897002003874489, -1.7936896846450088, 5.864761819282471, -8.584127073780774, -2.609815692912598, 0.8737050635438283, 4.449945958208631, 0.666910838558328, 1.4826837106448152, -3.71542907357915, 11.050566195150733, 0.21132457017586387, -9.219994468272766, -1.6356603741919695, -2.2335305070077616, 0.9793866092543235, -1.4438778597319537, 2.6666106518686705, 1.3647057895624575, 3.532910235012964, 0.6085708231552638, 0.40944000207124454, 3.698363226485618, 0.03616106751076387, 