{"encoded_solution": [-1, 145, 145, 15, 191, 142, 54, 159, 147, 64, 163], "best_fitness": [0.0, 0.0, 0.0, 0.0, 0.0, 0.0, 0.0, 0.0, 0.0, 0.0, 0.0], "best_positions": [[1.896969770518794], [1.896969770518794], [1.896969770518794], [-76.73523164516793], [-1019.0532691545418], [-1678.8289959679946], [-1678.8289959679946], [-1678.8289959679946], [50958.49822068247], [50958.49822068247], [7.716153784103582]], "details": {"fitness_per_rep": [[0.0, 0.0, 0.0, 0.0, 0.0, 0.0, 0.0, 0.0, 0.0, 0.0, 0.0], [0.0, 0.0, 0.0, 0.0, 0.0, 0.0, 0.0, 0.0, 0.0, 0.0, 0.0]], "sequence_per_rep": [[-1, 26, 204, 123, 69, 40, 61, 23, 80, 4, 122], [-1, 145, 145, 15, 191, 142, 54, 159, 147, 64, 163]], "weight_matrix": null}}