{"encoded_solution": [-1, 105, 91, 193, 174, 107, 129, 6, 189, 11, 1], "best_fitness": [-1.0, -1.0, -1.0, -1.0, -1.0, -1.0, -1.0, -1.0, -1.0, -1.0, -1.0], "best_positions": [[0.9813995187624571, 0.7360600928333456, 0.8744065416914337, 0.3061844469551208, 0.18268685756735592, 0.973037009500533, 0.719835919892691, 0.14649983930926624, 0.8962559770485778, 0.8000020042647825, 0.6618017302223169, 0.03052334750033503, 0.6437355074682235, 0.021152093275253026, 0.028706033712264656, 0.9486947591759809, 0.7316745205122237, 0.7578329519625177, 0.02533860931665033, 0.8440806268386083, 0.09864588265388363, 0.07683782433074515, 0.9508868122119833, 0.1388689699205239, 0.005723885437780019, 0.9165803194784488, 0.3410102044405492, 0.6163699226000457, 0.36697770840222077, 0.22398005272426724, 0.07858319457271046, 0.3549617313987107, 0.14058537078592837, 0.753379460923641, 0.6443825469461614, 0.7551240765644438, 0.3129896470640342, 0.40523762866454605, 0.687821714511153, 0.5335093707831504, 0.7097810606645705, 0.7393104357173171, 0.28821578271151416, 0.5679630851638003, 0.7974943527131574, 0.17660019118990766, 0.544724564024613, 0.8407546560224933, 0.12594675865942173, 0.683801278621378], [0.9813648045693577, 0.7314751038554759, 0.883506390290153, 0.31323777787793533, 0.18085652428798815, 0.9735975007678932, 0.703800511840531, 0.15067095611527137, 0.8987541521062248, 0.8079813576691242, 0.667528825676262, 0.028086222204090516, 0.6463209362032756, 0.02764441830910619, 0.03937780912342298, 0.9496103190208622, 0.7280811410957264, 0.769998467745016, 0.036672368530178134, 0.8509612954519268, 0.10231518368756681, 0.07429068857786697, 0.9475312745480057, 0.1361689320491951, 0.006028371015222411, 0.8951161095600428, 0.3271866324226793, 0.6238594159119651, 0.35678405587344997, 0.20809770146061984, 0.07806310306773823, 0.3467872080953641, 0.13844223806236117, 0.7466289325204967, 0.6406475700183845, 0.7635945843515001, 0.32482874607313145, 0.4083508073186616, 0.6944018724925662, 0.528669919066474, 0.7073881184630089, 0.7378762330435892, 0.28768622437736757, 0.5613998323855081, 0.7887002467800726, 0.1807783179144563, 0.5620943917375195, 0.8414579145880934, 0.1358509319092548, 0.7325649106434936], [0.9813648045693577, 0.7314751038554759, 0.883506390290153, 0.31323777787793533, 0.18085652428798815, 0.9735975007678932, 0.703800511840531, 0.15067095611527137, 0.8987541521062248, 0.8079813576691242, 0.667528825676262, 0.028086222204090516, 0.6463209362032756, 0.02764441830910619, 0.03937780912342298, 0.9496103190208622, 0.7280811410957264, 0.769998467745016, 0.036672368530178134, 0.8509612954519268, 0.10231518368756681, 0.07429068857786697, 0.9475312745480057, 0.1361689320491951, 0.006028371015222411, 0.8951161095600428, 0.3271866324226793, 0.6238594159119651, 0.35678405587344997, 0.20809770146061984, 0.07806310306773823, 0.3467872080953641, 0.13844223806236117, 0.7466289325204967, 0.6406475700183845, 0.7635945843515001, 0.32482874607313145, 0.4083508073186616, 0.6944018724925662, 0.528669919066474, 0.7073881184630089, 0.7378762330435892, 0.28768622437736757, 0.5613998323855081, 0.7887002467800726, 0.1807783179144563, 0.5620943917375195, 0.8414579145880934, 0.1358509319092548, 0.7325649106434936], [0.9813648045693577, 0.7314751038554759, 0.883506390290153, 0.31323777787793533, 0.18085652428798815, 0.9735975007678932, 0.703800511840531, 0.15067095611527137, 0.8987541521062248, 0.8079813576691242, 0.667528825676262, 0.028086222204090516, 0.6463209362032756, 0.02764441830910619, 0.03937780912342298, 0.9496103190208622, 0.7280811410957264, 0.769998467745016, 0.036672368530178134, 0.8509612954519268, 0.10231518368756681, 0.07429068857786697, 0.9475312745480057, 0.1361689320491951, 0.006028371015222411, 0.8951161095600428, 0.3271866324226793, 0.6238594159119651, 0.35678405587344997, 0.20809770146061984, 0.07806310306773823, 0.3467872080953641, 0.13844223806236117, 0.7466289325204967, 0.6406475700183845, 0.7635945843515001, 0.32482874607313145, 0.4083508073186616, 0.6944018724925662, 0.528669919066474, 0.7073881184630089, 0.7378762330435892, 0.28768622437736757, 0.5613998323855081, 0.7887002467800726, 0.1807783179144563, 0.5620943917375195, 0.8414579145880934, 0.1358509319092548, 0.7325649106434936], [0.9773942832736006, 0.7308952903014375, 0.8763479230362845, 0.31371304789193677, 0.17868418614143083, 0.9724346308280407, 0.7077768335265194, 0.14883189104645217, 0.8990278307232411, 0.8079131666217882, 0.6676142329023977, 0.028514206269577624, 0.6418529716374972, 0.03680202299505231, 0.04525524190410046, 0.9508805440993302, 0.7243790473640601, 0.728228671510549, 0.031373854994509065, 0.8538321839371614, 0.10743811610098558, 0.07268142083278989, 0.9397900296604428, 0.13776513758427428, 0.010562387197972867, 0.8993627485359692, 0.3432945486497112, 0.622637960791464, 0.35215172416685103, 0.2075445369624595, 0.07649474206684675, 0.32504755360617754, 0.13502399360518375, 0.7458055261138645, 0.6323086835869427, 0.761794699534698, 0.32461383714281894, 0.4233821655718895, 0.6624719360972802, 0.5292649543062914, 0.7090643888485804, 0.7376559138666029, 0.2793847210342224, 0.5619339241595619, 0.7852372190729449, 0.1787274537649361, 0.5637221601920938, 0.8389904444247643, 0.18253210135488385, 0.7311852322646853], [0.9773942832736006, 0.7308952903014375, 0.8763479230362845, 0.31371304789193677, 0.17868418614143083, 0.9724346308280407, 0.7077768335265194, 0.14883189104645217, 0.8990278307232411, 0.8079131666217882, 0.6676142329023977, 0.028514206269577624, 0.6418529716374972, 0.03680202299505231, 0.04525524190410046, 0.9508805440993302, 0.7243790473640601, 0.728228671510549, 0.031373854994509065, 0.8538321839371614, 0.10743811610098558, 0.07268142083278989, 0.9397900296604428, 0.13776513758427428, 0.010562387197972867, 0.8993627485359692, 0.3432945486497112, 0.622637960791464, 0.35215172416685103, 0.2075445369624595, 0.07649474206684675, 0.32504755360617754, 0.13502399360518375, 0.7458055261138645, 0.6323086835869427, 0.761794699534698, 0.32461383714281894, 0.4233821655718895, 0.6624719360972802, 0.5292649543062914, 0.7090643888485804, 0.7376559138666029, 0.2793847210342224, 0.5619339241595619, 0.7852372190729449, 0.1787274537649361, 0.5637221601920938, 0.8389904444247643, 0.18253210135488385, 0.7311852322646853], [0.9773942832736006, 0.7308952903014375, 0.8763479230362845, 0.31371304789193677, 0.17868418614143083, 0.9724346308280407, 0.7077768335265194, 0.14883189104645217, 0.8990278307232411, 0.8079131666217882, 0.6676142329023977, 0.028514206269577624, 0.6418529716374972, 0.03680202299505231, 0.04525524190410046, 0.9508805440993302, 0.7243790473640601, 0.728228671510549, 0.031373854994509065, 0.8538321839371614, 0.10743811610098558, 0.07268142083278989, 0.9397900296604428, 0.13776513758427428, 0.010562387197972867, 0.8993627485359692, 0.3432945486497112, 0.622637960791464, 0.35215172416685103, 0.2075445369624595, 0.07649474206684675, 0.32504755360617754, 0.13502399360518375, 0.7458055261138645, 0.6323086835869427, 0.761794699534698, 0.32461383714281894, 0.4233821655718895, 0.6624719360972802, 0.5292649543062914, 0.7090643888485804, 0.7376559138666029, 0.2793847210342224, 0.5619339241595619, 0.7852372190729449, 0.1787274537649361, 0.5637221601920938, 0.8389904444247643, 0.18253210135488385, 0.7311852322646853], [0.368001731432816, -1.707285834131179, 0.4200477951542047, -1.1456981030336226, 0.1628247478197941, 0.5788746672446708, 1.6164980130245659, -0.6912382382918809, 4.076813612419187, -1.4311167859632585, 0.19453682516159587, 1.8583552214687904, 1.0866076268914893, -1.5703794258149557, 1.54095265765489, 2.3547964832308566, 0.13931412117262432, 0.7472388459599183, 0.48924359963772457, 1.2183543608093288, -0.038134203439924574, -0.2813619102711664, -0.7009790819376096, 2.577404060988064, -0.16257815286249822, 1.1141310020829447, 0.10879848427919636, 1.347022816744388, 0.40335800649253545, -0.7692310309809562, 0.2687821669909613, 0.06301207651720292, 0.08398221578431458, 1.6509154503256078, 