{"encoded_solution": [-1, 154, 93, 10, 69, 99, 138, 163, 16, 187, 124], "best_fitness": [-1.0, -1.0, -1.0, -1.0, -1.0, -1.0, -1.0, -1.0, -1.0, -1.0, -1.0], "best_positions": [[0.39664822090218443, 0.44963024795524875, 0.9625036607781574, 0.37650605047117125, 0.83817972040243, 0.36203601225874804, 0.4699832444100901, 0.7476484321241713, 0.2713602544605127, 0.8303240059316811, 0.6217140352610571, 0.9469161511121473, 0.5128996809315775, 0.18570820740473803, 0.025871341066924347, 0.40436872511985, 0.390893436982633, 0.5586962682638669, 0.9425161498984437, 0.1656470767034196, 0.17585967982907513, 0.08170902776842515, 0.33220626430234956, 0.5781282452001406, 0.2629203530230855, 0.5126566854244047, 0.6180971022749492, 0.8832458919397569, 0.8963398755619072, 0.7560877473313556, 0.7244720894868643, 0.22137559584866817, 0.16646483947794322, 0.8382057723236997, 0.35788529599765473, 0.9369372746939411, 0.9938692065068617, 0.008093341879011673, 0.02635003101031752, 0.15681665315329074, 0.8730633419788002, 0.9291664585720142, 0.4847000264723843, 0.7472060704495996, 0.8799930099570892, 0.2778585915599494, 0.4991948812545297, 0.5280215364489003, 0.7498205109218006, 0.7460444644685997], [-0.6363168234244128, 1.1966250890961834, -0.20517897620795755, -0.13135503596365072, 0.20379038554228024, 1.1227824316204245, 0.5085276446276725, 3.2606947015772327, 0.36236677272834916, -0.8699978260180565, 1.0134473431925282, -0.5230078710094681, 0.9804427867530661, 2.879255615274209, 0.047756185871143164, 115.10013641316722, -1.7770868608808383, 0.7093257135000195, 13.908813251519344, -0.992897434291589, 0.8701965786932875, -6.543904790614555, -0.08372505673612318, -1.782621780985759, 0.5305608950962002, 4.049271081661167, 0.428731697195649, -5.978413916938822, -1.842446886075955, -2.123513144973423, 0.3645468395045276, 0.22770322592319187, 5.054566125800126, 0.3362571019135422, 0.8018916637357818, -0.3023771061139726, 3.7516904368574364, -0.5042082717314638, 3.150403576152954, -1.2562641245790573, 0.49795619381639533, 0.22911719364252459, 0.5856899500112481, -3.0413474427656473, -5.079005000918189, 1.7447168185100463, -1.0462896959702466, 1.9005809750934186, 0.6886166301579264, 2.1345699994145155], [-0.21764058387730378, 0.9747026466670834, 0.33145568813049753, 0.5998344018547326, -0.10419994118459519, 1.299033958912209, 0.020389698683475177, 2.2515152912032264, -0.45103404221115406, -1.4331830608418779, 0.7129774228234675, -0.3073186915210713, 1.0886449425381948, -0.0963481753824098, -0.4448088053107728, 114.65925332740127, -1.479143648237503, -0.3027114237454265, 13.979909360827081, -0.9157695955729739, 1.6739883943925644, -6.886813273602218, -0.3941734277067124, -1.5805306848659733, -0.007151577799958786, 2.522062806337277, 0.04852682828270116, -5.625205546479638, -1.4138953796423157, 1.6983820073480658, -0.09712935756900498, -0.011486593964768366, 5.52821581417906, 0.32347451606347144, 1.492913164502229, -0.5813105070486715, 3.4370805693800164, -0.27865088258517723, 3.638524318852978, -1.9586166416016542, 1.2190029483107399, 0.19355107041981523, 0.5370210078097075, -2.0572414435297075, -3.9041925555628065, 1.24639636257307, 0.4336521145470351, 2.181215604948674, 0.4499267071210599, 3.0664786407880404], [2.2453848438884307, -0.7797337790654253, 3.2632858242362, 0.763938445048717, -3.1614193337524306, 1.6467023514254053, 1.1161058308936966, 14.219777764590159, -1.129774845079364, -7.18603094946594, -1.7488785379987037, -6.446375924811247, 3.307307716802402, -6.015674722613238, -2.682610413617643, 243.4906647783251, -4.101089054009855, -4.365288354096302, 28.44554075634018, -5.184382167322678, -1.8902025744661155, -17.777119590338394, -5.9910345068010855, -1.074637888248311, -1.9248806713597286, 8.898061623859194, 0.21822107529239942, -0.9964601493111758, 21.07411652607575, 9.412449970932386, -1.2382224811567228, -0.0727491187317657, 11.575549116859172, 14.596370091697779, 7.041705626073476, 4.604678099685884, 5.18399816449606, -4.415444518804445, 4.774728347635701, 7.0533449242792035, 0.9955022742137946, 1.2453431662230998, 4.717287534002018, 1.480125459198712, -6.529723199933727, -1.0183726126254842, 1.9316687163189061, 4.6826382014712, -0.40425665437764247, 6.889376023874814], [-2.1258354735278386, -3.5154227676744334, -6.682139300502829, -0.7542097478188465, -0.6053259838585836, 2.5058470149464327, 3.115116318989844, 17.63951357183852, 1.9359275101090314, -7.28822582485128, -0.18028450190325152, -7.990654718529154, -0.3387290409505074, 3.082968402682192, 0.2641373825175089, 70.91838588226383, -2.9437042584992126, 0.3837839550807556, -6.027182840977701, -1.5278247463686476, 0.9682344152848402, -16.903050680161428, 1.300656974760889, 0.6193052702847643, -1.3899904906882503, 12.166799631581842, 1.1726380784761363, -32.98085393877505, 3.9844546990830665, 3.5145326959463423, 6.199790258475902, -1.8109568474827369, 8.674758421979838, 8.957855014890573, 4.494453531208954, 0.2120594412084978, 5.100059748297607, -2.660957624302904, 2.5836328181806194, 7.272451315307794, 1.1201468207741296, 2.376163611815528, 0.13327344248977796, -5.194659701451663, -4.126223041814069, -0.9890011697183099, 0.9249588200434979, 3.0204200994133834, -2.3960042242564925, 5.148718296446104], [-2.1258354735278386, -3.5154227676744334, -6.682139300502829, -0.7542097478188465, -0.6053259838585836, 2.5058470149464327, 3.115116318989844, 17.63951357183852, 1.9359275101090314, -7.28822582485128, -0.18028450190325152, -7.990654718529154, -0.3387290409505074, 3.082968402682192, 0.2641373825175089, 70.91838588226383, -2.9437042584992126, 0.3837839550807556, -6.027182840977701, -1.5278247463686476, 0.9682344152848402, -16.903050680161428, 1.300656974760889, 0.6193052702847643, -1.3899904906882503, 12.166799631581842, 1.1726380784761363, -32.98085393877505, 3.9844546990830665, 3.5145326959463423, 6.199790258475902, -1.8109568474827369, 8.674758421979838, 8.957855014890573, 4.494453531208954, 0.2120594412084978, 5.100059748297607, -2.660957624302904, 2.5836328181806194, 7.272451315307794, 1.1201468207741296, 2.376163611815528, 0.13327344248977796, -5.194659701451663, -4.126223041814069, -0.9890011697183099, 0.9249588200434979, 3.0204200994133834, -2.3960042242564925, 5.148718296446104], [-2.1258354735278386, -3.5154227676744334, -6.682139300502829, -0.7542097478188465, -0.6053259838585836, 2.5058470149464327, 3.115116318989844, 17.63951357183852, 1.9359275101090314, -7.28822582485128, -0.18028450190325152, -7.990654718529154, -0.3387290409505074, 3.082968402682192, 0.2641373825175089, 70.91838588226383, -2.9437042584992126, 0.3837839550807556, -6.027182840977701, -1.5278247463686476, 0.9682344152848402, -16.903050680161428, 1.300656974760889, 0.6193052702847643, -1.3899904906882503, 12.166799631581842, 1.1726380784761363, -32.98085393877505, 3.9844546990830665, 3.5145326959463423, 6.199790258475902, -1.8109568474827369, 8.674758421979838, 8.957855014890573, 4.494453531208954, 0.2120594412084978, 5.100059748297607, -2.660957624302904, 2.5836328181806194, 7.272451315307794, 1.1201468207741296, 2.376163611815528, 0.13327344248977796, -5.194659701451663, -4.126223041814069, -0.9890011697183099, 0.9249588200434979, 3.0204200994133834, -2.3960042242564925, 5.148718296446104], [0.45102770503567646, 0.9935144908810755, 0.07508551659131601, 0.34647350473897554, 0.05506457565078493, 0.8524035400179379, 0.19332607248243316, 0.1697055967056431, 0.15943106840077792, 0.5959715369101888, 0.16265307115159489, 0.6813297157880198, 0.3441427159957412, 0.5515235329480557, 0.97732964052334, 0.4287963233359361, 0.6956647691896996, 0.5815742358679762, 0.9697177690825911, 0.5982043504583711, 0.940535008138137, 0.5770298769913916, 0.8625988847602848, 0.44727253283701873, 0.5957525461004064, 0.4946369310276483, 0.766455980735174, 0.5401269622050944, 0.8431499742219682, 0.7511569441203253, 0.07507402256831275, 0.1619506214782257, 0.30373456517817454, 0.7178426208944088, 0.4179146592925762, 0.8076430554886325, 0.31265224646492173, 