{"encoded_solution": [-1, 4, 20, 172, 91, 204, 83, 150, 142, 204, 169], "best_fitness": [-1.0, -1.0, -1.0, -1.0, -1.0, -1.0, -1.0, -1.0, -1.0, -1.0, -1.0], "best_positions": [[0.1438420178051485, 0.4371628015985679, 0.878456329306463, 0.04680013123964144, 0.7059882247397697, 0.8124479159599254, 0.9886822453220594, 0.32893430815110414, 0.6167414505663686, 0.7624148540980094, 0.08293943610247845, 0.9299309262665781, 0.33519674804062927, 0.09546545808472695, 0.13056912447270308, 0.6933633159132635, 0.9412641576884979, 0.1585382656107165, 0.9112582617283934, 0.8238450945488478, 0.06201010834271192, 0.44043492706335385, 0.301689064227051, 0.8056350150008613, 0.9816059370915718, 0.3857858154553493, 0.2891343395851448, 0.22705850333060174, 0.486082586880937, 0.588803011189809, 0.26968214768795895, 0.9727491240436763, 0.4626050613880891, 0.4980372539561123, 0.4494364169430981, 0.8764076458733212, 0.02508148722482184, 0.5546579136856605, 0.8378897560330145, 0.0321874505897104, 0.3029342455107793, 0.8258968258721237, 0.8833122548531215, 0.10888722443051979, 0.42537963585592264, 0.6158519018375638, 0.5937396352638568, 0.025125763366056875, 0.9230196253396674, 0.1318394939182569], [0.1438420178051485, 0.4371628015985679, 0.878456329306463, 0.04680013123964144, 0.7059882247397697, 0.8124479159599254, 0.9886822453220594, 0.32893430815110414, 0.6167414505663686, 0.7624148540980094, 0.08293943610247845, 0.9299309262665781, 0.33519674804062927, 0.09546545808472695, 0.13056912447270308, 0.6933633159132635, 0.9412641576884979, 0.1585382656107165, 0.9112582617283934, 0.8238450945488478, 0.06201010834271192, 0.44043492706335385, 0.301689064227051, 0.8056350150008613, 0.9816059370915718, 0.3857858154553493, 0.2891343395851448, 0.22705850333060174, 0.486082586880937, 0.588803011189809, 0.26968214768795895, 0.9727491240436763, 0.4626050613880891, 0.4980372539561123, 0.4494364169430981, 0.8764076458733212, 0.02508148722482184, 0.5546579136856605, 0.8378897560330145, 0.0321874505897104, 0.3029342455107793, 0.8258968258721237, 0.8833122548531215, 0.10888722443051979, 0.42537963585592264, 0.6158519018375638, 0.5937396352638568, 0.025125763366056875, 0.9230196253396674, 0.1318394939182569], [0.1438420178051485, 0.4371628015985679, 0.878456329306463, 0.04680013123964144, 0.7059882247397697, 0.8124479159599254, 0.9886822453220594, 0.32893430815110414, 0.6167414505663686, 0.7624148540980094, 0.08293943610247845, 0.9299309262665781, 0.33519674804062927, 0.09546545808472695, 0.13056912447270308, 0.6933633159132635, 0.9412641576884979, 0.1585382656107165, 0.9112582617283934, 0.8238450945488478, 0.06201010834271192, 0.44043492706335385, 0.301689064227051, 0.8056350150008613, 0.9816059370915718, 0.3857858154553493, 0.2891343395851448, 0.22705850333060174, 0.486082586880937, 0.588803011189809, 0.26968214768795895, 0.9727491240436763, 0.4626050613880891, 0.4980372539561123, 0.4494364169430981, 0.8764076458733212, 0.02508148722482184, 0.5546579136856605, 0.8378897560330145, 0.0321874505897104, 0.3029342455107793, 0.8258968258721237, 0.8833122548531215, 0.10888722443051979, 0.42537963585592264, 0.6158519018375638, 0.5937396352638568, 0.025125763366056875, 0.9230196253396674, 0.1318394939182569], [0.1438420178051485, 0.4371628015985679, 0.878456329306463, 0.04680013123964144, 0.7059882247397697, 0.8124479159599254, 0.9886822453220594, 0.32893430815110414, 0.6167414505663686, 0.7624148540980094, 0.08293943610247845, 0.9299309262665781, 0.33519674804062927, 0.09546545808472695, 0.13056912447270308, 0.6933633159132635, 0.9412641576884979, 0.1585382656107165, 0.9112582617283934, 0.8238450945488478, 0.06201010834271192, 0.44043492706335385, 0.301689064227051, 0.8056350150008613, 0.9816059370915718, 0.3857858154553493, 0.2891343395851448, 0.22705850333060174, 0.486082586880937, 0.588803011189809, 0.26968214768795895, 0.9727491240436763, 0.4626050613880891, 0.4980372539561123, 0.4494364169430981, 0.8764076458733212, 0.02508148722482184, 0.5546579136856605, 0.8378897560330145, 0.0321874505897104, 0.3029342455107793, 0.8258968258721237, 0.8833122548531215, 0.10888722443051979, 0.42537963585592264, 0.6158519018375638, 0.5937396352638568, 0.025125763366056875, 0.9230196253396674, 0.1318394939182569], [0.1438420178051485, 0.4371628015985679, 0.878456329306463, 0.04680013123964144, 0.7059882247397697, 0.8124479159599254, 0.9886822453220594, 0.32893430815110414, 0.6167414505663686, 0.7624148540980094, 0.08293943610247845, 0.9299309262665781, 0.33519674804062927, 0.09546545808472695, 0.13056912447270308, 0.6933633159132635, 0.9412641576884979, 0.1585382656107165, 0.9112582617283934, 0.8238450945488478, 0.06201010834271192, 0.44043492706335385, 0.301689064227051, 0.8056350150008613, 0.9816059370915718, 0.3857858154553493, 0.2891343395851448, 0.22705850333060174, 0.486082586880937, 0.588803011189809, 0.26968214768795895, 0.9727491240436763, 0.4626050613880891, 0.4980372539561123, 0.4494364169430981, 0.8764076458733212, 0.02508148722482184, 0.5546579136856605, 0.8378897560330145, 0.0321874505897104, 0.3029342455107793, 0.8258968258721237, 0.8833122548531215, 0.10888722443051979, 0.42537963585592264, 0.6158519018375638, 0.5937396352638568, 0.025125763366056875, 0.9230196253396674, 0.1318394939182569], [0.1438420178051485, 0.4371628015985679, 0.878456329306463, 0.04680013123964144, 0.7059882247397697, 0.8124479159599254, 0.9886822453220594, 0.32893430815110414, 0.6167414505663686, 0.7624148540980094, 0.08293943610247845, 0.9299309262665781, 0.33519674804062927, 0.09546545808472695, 0.13056912447270308, 0.6933633159132635, 0.9412641576884979, 0.1585382656107165, 0.9112582617283934, 0.8238450945488478, 0.06201010834271192, 0.44043492706335385, 0.301689064227051, 0.8056350150008613, 0.9816059370915718, 0.3857858154553493, 0.2891343395851448, 0.22705850333060174, 0.486082586880937, 0.588803011189809, 0.26968214768795895, 0.9727491240436763, 0.4626050613880891, 0.4980372539561123, 0.4494364169430981, 0.8764076458733212, 0.02508148722482184, 0.5546579136856605, 0.8378897560330145, 0.0321874505897104, 0.3029342455107793, 0.8258968258721237, 0.8833122548531215, 0.10888722443051979, 0.42537963585592264, 0.6158519018375638, 0.5937396352638568, 0.025125763366056875, 0.9230196253396674, 0.1318394939182569], [0.8499772654120495, 0.6012668854150967, 0.7198101031735273, 0.29411103668923655, 0.8559672551091309, 0.20653361193746012, 0.5557796777432631, 0.6867381279301692, 0.04116262895880163, 0.21478239424745638, 0.5892680331290929, 0.015096828268321927, 0.9415446208730142, 0.5951266082088468, 0.5893858867450423, 0.16497465612796103, 0.5113313397848824, 0.29857319719554687, 0.4276420895021972, 0.5452117834710538, 0.4795618514066786, 0.7789276617547014, 0.6838885647164098, 0.5665350047343424, 0.8676630087297542, 0.8909545620970708, 0.3769345588431292, 0.9620843144089899, 0.29409818358860307, 0.6675934858574748, 0.9540107308169977, 0.571169658208389, 0.23687943977017933, 0.5261024374666233, 0.9066112388914246, 0.12488571409442406, 0.4174831692741017, 0.9333425760109862, 0.37893783259469216, 0.7329259023736413, 0.10203709151244533, 0.8629292159352421, 0.457211929912563, 0.8810164749256024, 0.1582270260922134, 0.8824763855259734, 0.9784579420434936, 0.22302760154417856, 0.3006983365079705, 0.02233514651308033], [0.8516749448238479, 0.31317729033081076, 0.039237847356056954, 0.893758822901459, 0.370656691490856, 0.21247691012875092, 0.3144776551278865, 0.8350233229337636, 0.7637032897387048, 0.42221617697988223, 0.3808570040207483, 0.8353196077633882, 0.36620225091678005, 0.5932807783773655, 0.7649440191529623, 0.7316493817239532, 0.16611610981588254, 0.5397876924987411, 0.09849168741281866, 0.9750668591152535, 0.7521097950256411, 0.8650142731976004, 0.9776471263641731, 0.4843991145257899, 0.3373353097994358, 0.6290681718049574, 0.18943236600085722, 0.48365202652482264, 0.678498584898551, 0.012141900304030062, 0.01189130341554745, 0.40950702435637554, 0.18415351653616785, 0.8103757437041669, 0.6236369565779215, 0.5431040658133877,