{"encoded_solution": [-1, 157, 64, 143, 49, 64, 94, 156, 95, 201, 151], "best_fitness": [-1.0, -1.0, -1.0, -1.0, -1.0, -1.0, -1.0, -1.0, -1.0, -1.0, -1.0], "best_positions": [[0.9507619474665782, 0.8656294189546934, 0.6737220232334794, 0.7552802320148464, 0.12891539594757573, 0.7929358318705602, 0.5658839995333175, 0.844797118584186, 0.8081370800641704, 0.8274769616191235, 0.2918495333789244, 0.6634143648915688, 0.9103906376444916, 0.6047934806469003, 0.4986339066640967, 0.22769746869792762, 0.7262962883115794, 0.745569258247058, 0.601257985287966, 0.29987402494620363, 0.22549465560305781, 0.6590870727621541, 0.6308701979173051, 0.7826605016355327, 0.24613699305976522, 0.2920500430497438, 0.3659270079238832, 0.3833122008194708, 0.3842612252194222, 0.05038162835734161, 0.6920898590006235, 0.21790604545242753, 0.08799801015677966, 0.423813180462813, 0.22256866451835622, 0.8441079035665209, 0.05610482747807155, 0.8881059975106084, 0.7280970680682493, 0.4915273546047537, 0.5643121397250479, 0.2785912379046971, 0.2533113842433846, 0.6669465426365045, 0.4884159786055492, 0.9469678190307522, 0.7781903515844769, 0.028410879640654252, 0.8566095297587825, 0.37859313159093844], [0.7057605521414259, 0.8602166313509125, 0.6737220232334794, 0.7552802320148464, 0.12891539594757573, 0.7929358318705602, 0.5658839995333175, 0.844797118584186, 8.198695517617912, 0.8274769616191235, 0.2918495333789244, -0.6507026589800939, 0.9103906376444916, 0.6047934806469003, 0.4986339066640967, 0.1890280825140832, 0.7262962883115794, 0.8181777791962841, 0.601257985287966, 0.29987402494620363, 0.22549465560305781, 0.6590870727621541, 0.6308701979173051, 0.7826605016355327, 0.24273507866320526, 0.2920500430497438, 0.3659270079238832, 0.5217175963104657, 0.3842612252194222, 0.05038162835734161, 0.6920898590006235, 0.21790604545242753, 5.767547225501467, 0.423813180462813, 0.22256866451835622, 0.8441079035665209, 0.05610482747807155, 0.8881059975106084, 0.7280970680682493, 0.8444885098581689, 0.5643121397250479, 0.2785912379046971, 0.8583913482742116, 0.6669465426365045, 0.4884159786055492, 0.8985365524787734, 0.7781903515844769, -5.211048766067343, 0.8056691560440088, 0.37859313159093844], [0.7057605521414259, 0.8602166313509125, 0.6737220232334794, 0.7552802320148464, 0.12891539594757573, 0.7929358318705602, 0.5658839995333175, 0.844797118584186, 8.198695517617912, 0.8274769616191235, 0.2918495333789244, -0.6507026589800939, 0.9103906376444916, 0.6047934806469003, 0.4986339066640967, 0.1890280825140832, 0.7262962883115794, 0.8181777791962841, 0.601257985287966, 0.29987402494620363, 0.22549465560305781, 0.6590870727621541, 0.6308701979173051, 0.7826605016355327, 0.24273507866320526, 0.2920500430497438, 0.3659270079238832, 0.5217175963104657, 0.3842612252194222, 0.05038162835734161, 0.6920898590006235, 0.21790604545242753, 5.767547225501467, 0.423813180462813, 0.22256866451835622, 0.8441079035665209, 0.05610482747807155, 0.8881059975106084, 0.7280970680682493, 0.8444885098581689, 0.5643121397250479, 0.2785912379046971, 0.8583913482742116, 0.6669465426365045, 0.4884159786055492, 0.8985365524787734, 0.7781903515844769, -5.211048766067343, 0.8056691560440088, 0.37859313159093844], [4.145262551199916, -2.337938749850402, 0.6269390809892709, 0.7086387110830303, 0.47222504726319325, -0.5361786065528187, 1.5623783209379924, 3.0805924643302878, -11.648328861975326, 18.366076538564496, 3.6349229492800053, -3.4170720390455624, 2.199416208653425, 1.195583165339626, 1.0308305958893111, 10.526335212092741, 0.19988929443359288, 2.5595022811269432, 0.5198346750690539, -4.35726541561299, -0.027184730806641966, 0.8818600570513297, -0.48444339253428514, 1.0933430872471954, 1.7498233069601719, 36.264582087159766, 2.0305809794558334, 0.7031188854318728, -0.8665478320386426, -0.23446937941891088, 1.3445435624381727, -8.137419907032832, 5.962750407948716, 0.9509008458594186, 1.002353859633565, 0.4321215713444656, -1.4264838012520091, -8.26881235019138, 6.534595468404332, 0.8600381064650194, 0.7670293015344625, 14.888059230258861, -7.116000875544975, -2.1661785098499147, 0.36070259214722944, 0.39228426705241776, 13.134283704547755, -3.836836959501306, 0.4383727942936902, 2.5182339510253127], [4.145262551199916, -2.337938749850402, 5.936508119436315, 0.7086387110830303, 0.47222504726319325, -0.5361786065528187, 1.5623783209379924, 3.0805924643302878, -11.648328861975326, 18.366076538564496, 3.6349229492800053, -3.4170720390455624, 2.199416208653425, 1.195583165339626, 1.3600095299751205, 10.526335212092741, 1.2353016644224488, 2.5595022811269432, 0.3040435949261566, -29.2076518624277, -8.892213534639874, 0.7929244227464005, -0.48444339253428514, 1.0933430872471954, 1.7498233069601719, 36.264582087159766, 2.0305809794558334, 0.7031188854318728, -0.8665478320386426, 1.9683502754480968, 1.3445435624381727, -8.137419907032832, 4.598271102084482, 0.9509008458594186, 1.002353859633565, 0.9936810243139464, -1.4264838012520091, 16.22283566731715, 6.534595468404332, -8.322689449506218, 0.7670293015344625, 72.08093241703054, -7.116000875544975, -2.1661785098499147, 0.36070259214722944, 0.39228426705241776, -172.5659768746076, -3.836836959501306, 0.4383727942936902, 2.5182339510253127], [4.145262551199916, -2.337938749850402, 5.936508119436315, 0.7086387110830303, 0.47222504726319325, -0.5361786065528187, 1.5623783209379924, 3.0805924643302878, -11.648328861975326, 18.366076538564496, 3.6349229492800053, -3.4170720390455624, 2.199416208653425, 1.195583165339626, 1.3600095299751205, 10.526335212092741, 1.2353016644224488, 2.5595022811269432, 0.3040435949261566, -29.2076518624277, -8.892213534639874, 0.7929244227464005, -0.48444339253428514, 1.0933430872471954, 1.7498233069601719, 36.264582087159766, 2.0305809794558334, 0.7031188854318728, -0.8665478320386426, 1.9683502754480968, 1.3445435624381727, -8.137419907032832, 4.598271102084482, 0.9509008458594186, 1.002353859633565, 0.9936810243139464, -1.4264838012520091, 16.22283566731715, 6.534595468404332, -8.322689449506218, 0.7670293015344625, 72.08093241703054, -7.116000875544975, -2.1661785098499147, 0.36070259214722944, 0.39228426705241776, -172.5659768746076, -3.836836959501306, 0.4383727942936902, 2.5182339510253127], [4.148046884829682, -2.3440704863631634, 5.938272495827635, 0.7157876822617562, 0.47893743772473263, -0.5330238384922656, 1.5635272993935476, 3.085289924130846, -11.644486102313525, 18.362300295021228, 3.6357618639670517, -3.4165003714760083, 2.2064574592216424, 1.1949190610861913, 1.3583790764953478, 10.524015067590314, 1.2416775445103738, 2.562953788270417, 0.3099015725999683, -29.20778728019271, -8.889618455209037, 0.7945569085001848, -0.4825030360328699, 1.094525366398372, 1.747348025390044, 36.26434563370915, 2.0378022734681687, 0.7027066474593026, -0.8694797184121454, 1.9651859030041838, 1.3445844802238949, -8.140991254207611, 4.593873876791597, 0.9453205673684217, 1.0007996867055007, 0.9928602262072701, -1.4315397522777438, 16.21291998645698, 6.536243692568902, -8.32611465735954, 0.776049525605879, 72.07745781872904, -7.112265240063978, -2.16603364460715, 0.3598814195700794, 0.39136038946841756, -172.57201066890806, -3.841843012844955, 0.44847333885438084, 2.5168931630165163], [4.148046884829682, -2.3440704863631634, 5.938272495827635, 0.7157876822617562, 15.53258278967761, 258.3476608273958, 1.5635272993935476, 3.085289924130846, -21.781297278240388, 18.362300295021228, 16.224730470886982, -5.23620267231412, -1.277038207901944, 1.1949190610861913, -36.7071455260733, 10.524015067590314, 1.2416775445103738, 2.562953788270417, 0.28180264343660927, -29.20778728019271, -66.45184843898956, 0.7945569085001848, -19.109074752792978, 1.094525366398372, 1.747348025390044, 36.592982162584796, 0.6299844641643559, 0.14528298569958054, 14.51456449330737, 1.9651859030041838, 0.686501832559133, -8.140991254207611, 30.735613061781343, 0.9453205673684217, 1.0007996867055007, 0.9928602262072701, -1.4315397522777438, 16.21291998645698, 6.536243692568902, 