{"encoded_solution": [-1, 124, 30, 23, 153, 3, 132, 95, 197, 193, 41], "best_fitness": [0.0, 0.0, 0.0, 0.0, 0.0, 0.0, 0.0, 0.0, 0.0, 0.0, 0.0], "best_positions": [[31.484584545065637], [31.484584545065637], [42.5422540432338], [-171.54693716381865], [105.15505340984876], [105.15505340984876], [105.15505340984876], [104.95849609654603], [104.88660956936005], [104.88660956936005], [96.17618343101584]], "details": {"fitness_per_rep": [[0.0, 0.0, 0.0, 0.0, 0.0, 0.0, 0.0, 0.0, 0.0, 0.0, 0.0], [0.0, 0.0, 0.0, 0.0, 0.0, 0.0, 0.0, 0.0, 0.0, 0.0, 0.0]], "sequence_per_rep": [[-1, 38, 100, 5, 113, 21, 190, 72, 50, 71, 159], [-1, 124, 30, 23, 153, 3, 132, 95, 197, 193, 41]], "weight_matrix": null}}