{"encoded_solution": [-1, 12, 35, 0, 39, 26, 168, 27, 53, 110, 26], "best_fitness": [-1.0, -1.0, -1.0, -1.0, -1.0, -1.0, -1.0, -1.0, -1.0, -1.0, -1.0], "best_positions": [[0.38264224868461416, 0.8815507340902152, 0.23318360535409788, 0.09109234978056457, 0.7710074403052638, 0.803861367625281, 0.445864254914471, 0.7768208883506568, 0.2578538680885625, 0.0518229371556137, 0.07098087858377289, 0.2330837077392326, 0.04614202629257946, 0.2881210903011423, 0.42143878696444836, 0.15646358533973392, 0.42719624470369866, 0.19791196367692288, 0.8257933006526257, 0.37952498497639586, 0.4723067455137656, 0.09429364239364457, 0.7979471156089792, 0.21596680118166434, 0.09952000403294381, 0.13868516077305737, 0.9067783815218547, 0.5612309008211883, 0.0663405237084761, 0.07782293889198955, 0.5401339185887079, 0.7292051079579769, 0.7396429559149075, 0.10673759599828092, 0.4356168223248401, 0.6753010293771766, 0.11093562015283054, 0.9749671382835674, 0.4551939077958568, 0.6948072611173541, 0.16518795392393792, 0.7169793246344263, 0.5917227853736878, 0.22277623705862437, 0.2296857734382296, 0.7211294140508416, 0.20991589255425958, 0.918555280143777, 0.44487083315011866, 0.9885248112959063], [0.38264224868461416, 0.8815507340902152, 0.23318360535409788, 0.09109234978056457, 0.7710074403052638, 0.803861367625281, 0.445864254914471, 0.7768208883506568, 0.2578538680885625, 0.0518229371556137, 0.07098087858377289, 0.2330837077392326, 0.04614202629257946, 0.2881210903011423, 0.42143878696444836, 0.15646358533973392, 0.42719624470369866, 0.19791196367692288, 0.8257933006526257, 0.37952498497639586, 0.4723067455137656, 0.09429364239364457, 0.7979471156089792, 0.21596680118166434, 0.09952000403294381, 0.13868516077305737, 0.9067783815218547, 0.5612309008211883, 0.0663405237084761, 0.07782293889198955, 0.5401339185887079, 0.7292051079579769, 0.7396429559149075, 0.10673759599828092, 0.4356168223248401, 0.6753010293771766, 0.11093562015283054, 0.9749671382835674, 0.4551939077958568, 0.6948072611173541, 0.16518795392393792, 0.7169793246344263, 0.5917227853736878, 0.22277623705862437, 0.2296857734382296, 0.7211294140508416, 0.20991589255425958, 0.918555280143777, 0.44487083315011866, 0.9885248112959063], [0.38264224868461416, 0.8815507340902152, 0.23318360535409788, 0.09109234978056457, 0.7710074403052638, 0.803861367625281, 0.445864254914471, 0.7768208883506568, 0.2578538680885625, 0.0518229371556137, 0.07098087858377289, 0.2330837077392326, 0.04614202629257946, 0.2881210903011423, 0.42143878696444836, 0.15646358533973392, 0.42719624470369866, 0.19791196367692288, 0.8257933006526257, 0.37952498497639586, 0.4723067455137656, 0.09429364239364457, 0.7979471156089792, 0.21596680118166434, 0.09952000403294381, 0.13868516077305737, 0.9067783815218547, 0.5612309008211883, 0.0663405237084761, 0.07782293889198955, 0.5401339185887079, 0.7292051079579769, 0.7396429559149075, 0.10673759599828092, 0.4356168223248401, 0.6753010293771766, 0.11093562015283054, 0.9749671382835674, 0.4551939077958568, 0.6948072611173541, 0.16518795392393792, 0.7169793246344263, 0.5917227853736878, 0.22277623705862437, 0.2296857734382296, 0.7211294140508416, 0.20991589255425958, 0.918555280143777, 0.44487083315011866, 0.9885248112959063], [0.38264224868461416, 0.8815507340902152, 0.23318360535409788, 0.09109234978056457, 0.7710074403052638, 0.803861367625281, 0.445864254914471, 0.7768208883506568, 0.2578538680885625, 0.0518229371556137, 0.07098087858377289, 0.2330837077392326, 0.04614202629257946, 0.2881210903011423, 0.42143878696444836, 0.15646358533973392, 0.42719624470369866, 0.19791196367692288, 0.8257933006526257, 0.37952498497639586, 0.4723067455137656, 0.09429364239364457, 0.7979471156089792, 0.21596680118166434, 0.09952000403294381, 0.13868516077305737, 0.9067783815218547, 0.5612309008211883, 0.0663405237084761, 0.07782293889198955, 0.5401339185887079, 0.7292051079579769, 0.7396429559149075, 0.10673759599828092, 0.4356168223248401, 0.6753010293771766, 0.11093562015283054, 0.9749671382835674, 0.4551939077958568, 0.6948072611173541, 0.16518795392393792, 0.7169793246344263, 0.5917227853736878, 0.22277623705862437, 0.2296857734382296, 0.7211294140508416, 0.20991589255425958, 0.918555280143777, 0.44487083315011866, 0.9885248112959063], [0.38264224868461416, 0.8815507340902152, 0.23318360535409788, 0.09109234978056457, 0.7710074403052638, 0.803861367625281, 0.445864254914471, 0.7768208883506568, 0.2578538680885625, 0.0518229371556137, 0.07098087858377289, 0.2330837077392326, 0.04614202629257946, 0.2881210903011423, 0.42143878696444836, 0.15646358533973392, 0.42719624470369866, 0.19791196367692288, 0.8257933006526257, 0.37952498497639586, 0.4723067455137656, 0.09429364239364457, 0.7979471156089792, 0.21596680118166434, 0.09952000403294381, 0.13868516077305737, 0.9067783815218547, 0.5612309008211883, 0.0663405237084761, 0.07782293889198955, 0.5401339185887079, 0.7292051079579769, 0.7396429559149075, 0.10673759599828092, 0.4356168223248401, 0.6753010293771766, 0.11093562015283054, 0.9749671382835674, 0.4551939077958568, 0.6948072611173541, 0.16518795392393792, 0.7169793246344263, 0.5917227853736878, 0.22277623705862437, 0.2296857734382296, 0.7211294140508416, 0.20991589255425958, 0.918555280143777, 0.44487083315011866, 0.9885248112959063], [0.42863668192422666, 0.016437672541266157, 0.3004164962381778, 0.7728866720324885, 0.4146060677226072, 0.3416239753744631, 0.12592540715305833, 0.4038439857746686, 0.45780438673507984, 0.997362366987354, 0.07805454579202353, 0.8771256664529581, 0.8079149288495243, 0.1745201189773894, 0.6266764735795561, 0.6949665155363577, 0.4233229322928268, 0.9687637998488686, 0.9381025065498362, 0.3267842510052461, 0.8557081584951971, 0.20247957045110698, 0.7942405261361579, 0.9235794801678727, 0.3580414727920044, 0.1766146333524634, 0.9299253817557918, 0.29645760823059597, 0.5095873551876979, 0.06131965024345076, 0.41783571435260125, 0.6574519060211784, 0.9940081816379004, 0.16097589191162398, 0.46402430461547495, 0.5421026045562939, 0.16313502029847116, 0.5073614943049278, 0.4601933777071452, 0.8927865278409364, 0.6435744879493499, 0.40762487205138254, 0.7517364476568767, 0.8543564813215913, 0.9066333097253382, 0.9082052078887085, 0.7259133827408203, 0.062324464865462725, 0.7478306126847323, 0.569406878023336], [0.42863668192422666, 0.016437672541266157, 0.3004164962381778, 0.7728866720324885, 0.4146060677226072, 0.3416239753744631, 0.12592540715305833, 0.4038439857746686, 0.45780438673507984, 0.997362366987354, 0.07805454579202353, 0.8771256664529581, 0.8079149288495243, 0.1745201189773894, 0.6266764735795561, 0.6949665155363577, 0.4233229322928268, 0.9687637998488686, 0.9381025065498362, 0.3267842510052461, 0.8557081584951971, 0.20247957045110698, 0.7942405261361579, 0.9235794801678727, 0.3580414727920044, 0.1766146333524634, 0.9299253817557918, 0.29645760823059597, 0.5095873551876979, 0.06131965024345076, 0.41783571435260125, 0.6574519060211784, 0.9940081816379004, 0.16097589191162398, 0.46402430461547495, 0.5421026045562939, 0.16313502029847116, 0.5073614943049278, 0.4601933777071452, 0.8927865278409364, 0.6435744879493499, 0.40762487205138254, 0.7517364476568767, 0.8543564813215913, 0.9066333097253382, 0.9082052078887085, 0.7259133827408203, 0.062324464865462725, 0.7478306126847323, 0.569406878023336], [0.42863668192422666, 0.016437672541266157, 0.3004164962381778, 0.7728866720324885, 0.4146060677226072, 0.3416239753744631, 0.12592540715305833, 0.4038439857746686, 0.45780438673507984, 0.997362366987354, 0.07805454579202353, 0.8771256664529581, 0.8079149288495243, 0.1745201189773894, 0.6266764735795561, 0.6949665155363577, 0.4233229322928268, 0.9687637998488686, 0.9381025065498362, 0.3267842510052461, 0.8557081584951971, 0.20247957045110698, 0.7942405261361579, 0.9235794801678727, 0.3580414727920044, 0.1766146333524634, 0.9299253817557918, 0.29645760823059597, 0.5095873551876979, 0.06131965024345076, 0.41783571435260125, 0.6574519060211784, 0.9940081816379004, 0.16097589191162398, 