{"encoded_solution": [-1, 24, 44, 169, 192, 117, 59, 98, 23, 189, 70], "best_fitness": [0.0, 0.0, 0.0, 0.0, 0.0, 0.0, 0.0, 0.0, 0.0, 0.0, 0.0], "best_positions": [[8.327071501942303], [24.43872427353586], [8.308416607976259], [55.832360973894986], [60.45189504456931], [60.45189504456931], [-206.60385514292201], [-206.5915289456971], [-311.3891184721688], [-311.3891184721688], [-311.3891184721688]], "details": {"fitness_per_rep": [[0.0, 0.0, 0.0, 0.0, 0.0, 0.0, 0.0, 0.0, 0.0, 0.0, 0.0], [0.0, 0.0, 0.0, 0.0, 0.0, 0.0, 0.0, 0.0, 0.0, 0.0, 0.0]], "sequence_per_rep": [[-1, 46, 141, 50, 8, 85, 119, 100, 66, 102, 92], [-1, 24, 44, 169, 192, 117, 59, 98, 23, 189, 70]], "weight_matrix": null}}