{"encoded_solution": [-1, 154, 45, 191, 166, 202, 66, 198, 85, 29, 21], "best_fitness": [-1.0, -1.0, -1.0, -1.0, -1.0, -1.0, -1.0, -1.0, -1.0, -1.0, -1.0], "best_positions": [[0.02473258060322281, 0.36178888228720285, 0.011744513120924505, 0.40230240069782386, 0.9111957248869947, 0.7771784300606738, 0.7539204057099065, 0.11546230692010351, 0.818653000864168, 0.34141417852130673, 0.20060196267585728, 0.11165858427703101, 0.9101820510018298, 0.1517654679550572, 0.8568395212067925, 0.24185972072927642, 0.9037116428468435, 0.7062302401640737, 0.40574658304106603, 0.9767333335656073, 0.7445165986171424, 0.8904198346157225, 0.5402696990798219, 0.7121943408145515, 0.5591589488397873, 0.44254729136192106, 0.859316255525074, 0.6589300491391619, 0.7577140879719286, 0.0386125468823203, 0.052306476386403955, 0.9505655483118142, 0.23383030718350872, 0.05329571114798115, 0.4958105723234526, 0.8248768275483603, 0.10053350877855627, 0.6370494091719965, 0.16709873072509462, 0.9296970517574858, 0.7596488823405648, 0.2596620216860349, 0.4365740107808985, 0.5389647915019884, 0.863720806212793, 0.5082378661888097, 0.2802414556650654, 0.16251222631741646, 0.9626748338690551, 0.963658690845188], [0.02473258060322281, 1.0317222140320133, -0.5298824848725059, 0.40230240069782386, 0.9111957248869947, 0.7771784300606738, 0.7539204057099065, 0.8990149047959841, 0.818653000864168, 0.34141417852130673, 0.20060196267585728, 0.11165858427703101, 0.9101820510018298, 0.36280989976203515, 0.40141018555372565, 0.24185972072927642, 0.977584125450866, 0.7062302401640737, 0.5852434734381657, 0.9767333335656073, 0.7445165986171424, 0.8904198346157225, 0.5402696990798219, 0.5843651823551808, 0.9250850246936191, 0.47203689921774294, 1.4528037126318518, 0.6589300491391619, 0.7577140879719286, 0.0386125468823203, 0.052306476386403955, 0.4519736286919702, 0.23383030718350872, 0.05329571114798115, 0.4958105723234526, -0.8304735900347291, 0.1001519089446688, 1.6977535886466597, 0.16709873072509462, 1.7184119600912573, 0.7596488823405648, 0.11928036587527435, 0.6068962068651298, -0.3155181244234493, 0.863720806212793, 0.4998292115498753, 0.2802414556650654, 0.16251222631741646, 0.9626748338690551, 1.4298272364329325], [0.02473258060322281, 1.0317222140320133, -0.5298824848725059, 0.40230240069782386, 0.9111957248869947, 0.7771784300606738, 0.7539204057099065, 0.8990149047959841, 0.818653000864168, 0.34141417852130673, 0.20060196267585728, 0.11165858427703101, 0.9101820510018298, 0.36280989976203515, 0.40141018555372565, 0.24185972072927642, 0.977584125450866, 0.7062302401640737, 0.5852434734381657, 0.9767333335656073, 0.7445165986171424, 0.8904198346157225, 0.5402696990798219, 0.5843651823551808, 0.9250850246936191, 0.47203689921774294, 1.4528037126318518, 0.6589300491391619, 0.7577140879719286, 0.0386125468823203, 0.052306476386403955, 0.4519736286919702, 0.23383030718350872, 0.05329571114798115, 0.4958105723234526, -0.8304735900347291, 0.1001519089446688, 1.6977535886466597, 0.16709873072509462, 1.7184119600912573, 0.7596488823405648, 0.11928036587527435, 0.6068962068651298, -0.3155181244234493, 0.863720806212793, 0.4998292115498753, 0.2802414556650654, 0.16251222631741646, 0.9626748338690551, 1.4298272364329325], [0.02473258060322281, 1.0317222140320133, -0.5298824848725059, 0.40230240069782386, 0.9111957248869947, 0.7771784300606738, 0.7539204057099065, 0.8990149047959841, 0.818653000864168, 0.34141417852130673, 0.20060196267585728, 0.11165858427703101, 0.9101820510018298, 0.36280989976203515, 0.40141018555372565, 0.24185972072927642, 0.977584125450866, 0.7062302401640737, 0.5852434734381657, 0.9767333335656073, 0.7445165986171424, 0.8904198346157225, 0.5402696990798219, 0.5843651823551808, 0.9250850246936191, 0.47203689921774294, 1.4528037126318518, 0.6589300491391619, 0.7577140879719286, 0.0386125468823203, 0.052306476386403955, 0.4519736286919702, 0.23383030718350872, 0.05329571114798115, 0.4958105723234526, -0.8304735900347291, 0.1001519089446688, 1.6977535886466597, 0.16709873072509462, 1.7184119600912573, 0.7596488823405648, 0.11928036587527435, 0.6068962068651298, -0.3155181244234493, 0.863720806212793, 0.4998292115498753, 0.2802414556650654, 0.16251222631741646, 0.9626748338690551, 1.4298272364329325], [-0.36620675619204923, 1.0357095603056308, -0.5263956047009186, 0.4006386761228175, 0.9135313186176466, -1.4048827360507874, 1.9204854079755815, 0.9006590301961056, 4.689029305820181, 0.38444113319943307, 0.1962993079553627, 0.11287626891940172, 0.9093279098770009, 0.36479462236330057, 2.7641729364244783, 0.24467712591681645, 1.024253026497616, 0.7079120610408508, 0.5804150150274733, 0.9786073664318387, 0.7428857273923611, 0.8913310997256185, 0.5362080030230206, 0.5665756027555965, 0.9211349543076135, 0.4688559139899071, 1.4555129652745054, 0.6624027691732276, 0.7590628831728531, 0.034392533799062874, 0.05022333198786, 0.44837977401800727, 0.23664635500157433, 0.024821316064530974, 0.417569310954772, -1.1596516604867464, 0.10424605198202536, 1.2422891210026945, 0.17194790112623193, 1.7228906828253905, 0.7585324841015162, 0.12131220849134883, 0.3871367341990187, -0.6660438089917797, 0.727267085822536, 0.5010736802825464, 0.844421169755637, 0.15855402636147575, 0.9584323847681832, 1.4333581827380617], [-0.6720007720766397, 1.1879216176603935, -0.38841095723854624, 0.04594805188232032, 0.9184025229162889, -1.5345807409826597, 1.805337971794274, 1.9296243082491642, 5.696584552203695, -0.00027920193992192477, -0.03866674001178372, -0.584807258555633, -4.288024059272192, 0.2593347314610752, 7.75505171180661, 0.5424177009431765, -0.0853610414736492, 0.9806044878308837, -0.056758504952939326, 0.9543000551459955, 0.8709437938600348, 1.02669207413843, 0.5529322852197802, 0.6893838007117414, 1.5466276364228042, 1.368068161151977, -0.3407439179702474, 0.7800854959708078, -0.21207598324502963, 0.2846918252288959, -0.08522229274242021, 0.5370298137477013, -0.22372108522532397, 0.3914633334660951, 0.4460102816316367, -1.1584861843001202, -0.3066971681632109, 1.3099271299450161, 0.12904302680566093, 1.733271894141268, 0.3613421745434068, 0.12208218081973937, 0.5622255722939413, -0.5752250846712061, 0.7300122913809058, 0.5619429670322152, 0.9146867589232646, 1.3194674738836323, 0.961733257492625, 2.432956424046298], [-0.032409856134160364, 0.3062638326275618, -5.866785105109771, 8.905494799266501, -0.07297322474831236, -2.000100428107251, 0.7847117025620488, -8.363220465863781, -10.027884799491819, 55.67547426629639, -3.8680338421200657, 8.395561476897718, 2.698319648978271, 0.8534638234752914, -1.8444701166436799, 0.8780126296213886, 3.15902305751113, 1.6411001492236525, 2.2599457953998976, 0.4862497690816572, 0.12157117565309844, 2.4003384334332125, 1.071554876671752, 0.4147604426256748, -9.10806092472064, -14.716944167606412, 17.369213465685217, 0.9693996627950958, -0.8998356609200953, 4.624181785842802, -10.383534304143264, -4.191567343567146, -0.5148129843138458, 9.676325883779837, 2.2153776704778467, -0.48539629640311155, -9.162983653623831, 1.8219019426596843, 0.44234579750313097, -5.041296094858396, -3.7291586143334445, 5.752252725427552, 2.9365711542969395, -0.7042236816073664, -3.5631603676442047, 0.24783433388673165, 2.380765889746671, -1.1123944731513054, 2.4402105590997385, -12.878567143104183], [0.016261196133405542, 0.08978459511507608, -6.760165271157603, 10.256908366262914, -0.2540306372189801, -2.058982855325632, 0.6463171142649432, -9.839634998004032, -12.398286313125622, 64.02471372427186, -4.463448944964535, 9.954619368848446, 3.7926744813576643, 0.9420557994163701, -2.124539331682749, 0.8932998885732282, 3.651419256021891, 1.7524951279013863, 2.612298927616706, 0.41717139474810616, 0.007731300396817575, 2.553825699982742, 1.1503291167028311, 0.3774048715851812, -10.527206265744262, -17.09095371196729, 20.098042710549763, 0.9670231936769103, -0.9878388777728628, 5.283653754599646, -11.726283918115662, -4.929528635319607, -0.5651379246973469, 10.942977075990472, 2.459327408177179, 