{"encoded_solution": [-1, 95, 80, 121, 63, 71, 98, 84, 155, 154, 116], "best_fitness": [0.0, 0.0, 0.0, 0.0, 0.0, 0.0, 0.0, 0.0, 0.0, 0.0, 0.0], "best_positions": [[0.2635496478067709, 0.7014782631096776, 0.5734358266565277, 0.3449545667619821, 0.17570462483930505, 0.45003922409429375, 0.0057499053966262315, 0.5528539898460799, 0.18381113951657957, 0.6889877961181585, 0.022652388142749502, 0.9870073337862006, 0.28018243945516763, 0.9984198862378525, 0.10904654056630514, 0.9305598134000795, 0.9000654782937171, 0.7802866938265699, 0.4277098555959321, 0.7762521220771074, 0.3793397425837889, 0.7130625944551152, 0.4157315354304669, 0.46183989435018136, 0.7545940942549418, 0.5002933916221423, 0.33013623564527694, 0.5145867459302725, 0.8967127190459291, 0.5935406114669235, 0.6374075018891482, 0.7672297456168852, 0.8053088626675909, 0.6192500069682566, 0.539849720383014, 0.0018308400131875624, 0.7194216870239012, 0.7434698075669931, 0.8599359494342581, 0.016747320736565152, 0.9728526063273609, 0.3143890113124558, 0.12669628841855762, 0.8122600920387614, 0.9963869530381569, 0.926573663218751, 0.1288810735794359, 0.2687314936934866, 0.00646602016896447, 0.6548047538344515], [0.2635496478067709, 0.7014782631096776, 0.5734358266565277, 0.3449545667619821, 0.6385145047832135, 0.45003922409429375, 0.0057499053966262315, 0.5528539898460799, 0.18381113951657957, 0.5211959951062367, 0.022652388142749502, 0.9870073337862006, 0.28018243945516763, 0.9984198862378525, 0.10904654056630514, 0.9305598134000795, 0.9089605500875819, 0.7802866938265699, 0.4277098555959321, 0.7762521220771074, 0.3229061270429844, 0.7130625944551152, 0.4157315354304669, 0.427375549889533, 0.7545940942549418, 0.5002933916221423, 0.33013623564527694, 0.5145867459302725, 0.8631962226802351, 0.6601634436569226, 0.6817068684324923, 0.7672297456168852, 0.8053088626675909, 0.6192500069682566, 0.4683724981872908, 0.0018308400131875624, 0.7194216870239012, 0.7434698075669931, 0.860587069645955, 0.016747320736565152, 0.9728526063273609, 0.3143890113124558, 0.12669628841855762, 0.8122600920387614, 0.9963869530381569, 1.0308345296525803, 0.1288810735794359, 0.2687314936934866, 0.00646602016896447, 0.41553008875173497], [0.2635496478067709, 0.7014782631096776, 0.5734358266565277, 0.3449545667619821, 0.6385145047832135, 0.45003922409429375, 0.0057499053966262315, 0.5528539898460799, 0.18381113951657957, 0.5211959951062367, 0.022652388142749502, 0.9870073337862006, 0.28018243945516763, 0.9984198862378525, 0.10904654056630514, 0.9305598134000795, 0.9089605500875819, 0.7802866938265699, 0.4277098555959321, 0.7762521220771074, 0.3229061270429844, 0.7130625944551152, 0.4157315354304669, 0.427375549889533, 0.7545940942549418, 0.5002933916221423, 0.33013623564527694, 0.5145867459302725, 0.8631962226802351, 0.6601634436569226, 0.6817068684324923, 0.7672297456168852, 0.8053088626675909, 0.6192500069682566, 0.4683724981872908, 0.0018308400131875624, 0.7194216870239012, 0.7434698075669931, 0.860587069645955, 0.016747320736565152, 0.9728526063273609, 0.3143890113124558, 0.12669628841855762, 0.8122600920387614, 0.9963869530381569, 1.0308345296525803, 0.1288810735794359, 0.2687314936934866, 0.00646602016896447, 0.41553008875173497], [0.4494311689581041, 1.3522929586326038, -1.9915484038138747, 0.4121423619244561, 3.0423709597688244, 0.5959887261741577, -4.517684822815703, 0.008535182183587509, 0.014459712861848995, 1.8760356439971346, 1.1163821955453899, 1.5919075991038079, 1.2262183963214406, 2.5904417461878833, -4.169365710106694, 0.8023882192670908, 0.8791417888408501, 3.2635479921804973, 0.6040159583537534, 2.8433975534657296, 1.0330929932882342, -0.9911939189276546, 1.0175033002639957, 1.5598167337921809, 0.7946886664511698, 4.625030917564441, -1.169119884220193, 0.19843210774871872, -1.4519270943348195, 0.8328224903411948, -1.548730728333005, -0.3242447215423654, 0.6408250502549488, -1.2132683735440348, -0.5141981731703948, 1.2717473527796148, -0.8578741337397293, -0.095284657289053, 1.2149983473961985, -0.047707893750533525, -4.874404191449665, 1.7028195491727671, -0.1797955663141636, 0.8029918640757616, -2.317994073196628, -33.14315797648685, 0.3630681744413986, 1.9758902825651834, 1.216435408540117, 0.012582556398229694], [0.4494311689581041, 1.3522929586326038, -1.9915484038138747, 0.4121423619244561, 3.0423709597688244, 0.5959887261741577, -4.517684822815703, 0.008535182183587509, 0.014459712861848995, 1.8760356439971346, 1.1163821955453899, 1.5919075991038079, 1.2262183963214406, 2.5904417461878833, -4.169365710106694, 0.8023882192670908, 0.8791417888408501, 3.2635479921804973, 0.6040159583537534, 2.8433975534657296, 1.0330929932882342, -0.9911939189276546, 1.0175033002639957, 1.5598167337921809, 0.7946886664511698, 4.625030917564441, -1.169119884220193, 0.19843210774871872, -1.4519270943348195, 0.8328224903411948, -1.548730728333005, -0.3242447215423654, 0.6408250502549488, -1.2132683735440348, -0.5141981731703948, 1.2717473527796148, -0.8578741337397293, -0.095284657289053, 1.2149983473961985, -0.047707893750533525, -4.874404191449665, 1.7028195491727671, -0.1797955663141636, 0.8029918640757616, -2.317994073196628, -33.14315797648685, 0.3630681744413986, 1.9758902825651834, 1.216435408540117, 0.012582556398229694], [0.40613788942865, 1.350954946804313, -1.9930995406820524, 0.412319643120848, 3.0392552366294034, 0.5965969208854225, -4.517438649022811, 0.007888159800841232, 0.013764752008505576, 1.8763648917244953, 1.1184429885578402, 1.592957010129755, 1.226240864955546, 2.588292522247196, -4.17233720879439, 0.8038520136475937, 0.8791226860977435, 3.262429240560419, 0.6032843886100183, 2.848102025701551, 1.0373095429460442, -0.9905119211882183, 1.0204922556056855, 1.5580669464779677, 0.7940881219679152, 4.626288617433888, -1.1690650826517903, 0.2047965965068086, -1.4491406294106448, 0.8389197950111391, -1.5487845636324802, -0.3194170508343479, 0.6465835333635079, -1.211307278848474, -0.5142113621446376, 1.2714471587785645, -0.8572514101629038, -0.11000716162508584, 1.2147878303697515, -0.05046286952826973, -4.873156709496775, 1.7013988419407815, -0.16943047987908288, 0.801621774333013, -2.31833320114152, -33.14417709058249, 0.3612468746716194, 1.9751680317629736, 1.2208201705703723, 0.007881833275201533], [0.40613788942865, 1.350954946804313, -1.9930995406820524, 0.412319643120848, 3.0392552366294034, 0.5965969208854225, -4.517438649022811, 0.007888159800841232, 0.013764752008505576, 1.8763648917244953, 1.1184429885578402, 1.592957010129755, 1.226240864955546, 2.588292522247196, -4.17233720879439, 0.8038520136475937, 0.8791226860977435, 3.262429240560419, 0.6032843886100183, 2.848102025701551, 1.0373095429460442, -0.9905119211882183, 1.0204922556056855, 1.5580669464779677, 0.7940881219679152, 4.626288617433888, -1.1690650826517903, 0.2047965965068086, -1.4491406294106448, 0.8389197950111391, -1.5487845636324802, -0.3194170508343479, 0.6465835333635079, -1.211307278848474, -0.5142113621446376, 1.2714471587785645, -0.8572514101629038, -0.11000716162508584, 1.2147878303697515, -0.05046286952826973, -4.873156709496775, 1.7013988419407815, -0.16943047987908288, 0.801621774333013, -2.31833320114152, -33.14417709058249, 0.3612468746716194, 1.9751680317629736, 1.2208201705703723, 0.007881833275201533], [0.40613788942865, 1.350954946804313, -1.9930995406820524, 0.412319643120848, 3.0392552366294034, 0.5965969208854225, -4.517438649022811, 0.007888159800841232, 0.013764752008505576, 1.8763648917244953, 1.1184429885578402, 1.592957010129755, 1.226240864955546, 2.588292522247196, -4.17233720879439, 0.8038520136475937, 0.8791226860977435, 3.262429240560419, 0.6032843886100183, 2.848102025701551, 1.0373095429460442, -0.9905119211882183, 1.0204922556056855, 1.5580669464779677, 0.7940881219679152, 4.626288617433888, -1.1690650826517903, 0.2047965965068086, -1.4491406294106448, 0.8389197950111391, -1.5487845636324802, -0.3194170508343479, 0.6465835333635079, -1.211307278848474, -0.5142113621446376, 1.2714471587785645, 