{"encoded_solution": [-1, 95, 177, 62, 0, 166, 99, 138, 129, 74, 151], "best_fitness": [-1.0, -1.0, -1.0, -1.0, -1.0, -1.0, -1.0, -1.0, -1.0, -1.0, -1.0], "best_positions": [[0.5883939576268501, 0.12489464144507778, 0.3726635861736085, 0.4438844747160082, 0.9278962231070312, 0.5498586053805384, 0.9734759550906121, 0.7570068785990992, 0.21458284356421564, 0.03541582529062082, 0.5744814664672764, 0.9726256262463358, 0.5326530380678457, 0.9070337893723778, 0.7402514976433071, 0.8776766820495246, 0.8620412272759955, 0.3541386793650535, 0.8932972042103682, 0.1874758297302781, 0.9961192457957794, 0.4221877321945534, 0.27681967554649056, 0.3846300578202868, 0.7189368257144289, 0.10079258757942378, 0.7603020903879436, 0.46828321591768707, 0.4954485415647275, 0.37097729243730937, 0.7188658269941883, 0.22723459505062338, 0.3155273571477506, 0.1660633833266657, 0.9852541827175637, 0.39537389671802203, 0.4070250975105594, 0.13509033357026246, 0.4175665545506321, 0.5141710563717328, 0.5076295495520445, 0.7756467184196916, 0.554399548332445, 0.861424987425264, 0.8196770623179173, 0.14922558309626666, 0.20267624559427244, 0.2738368230685214, 0.5761077733272311, 0.5149635833762325], [0.5883939576268501, 0.12489464144507778, 0.3726635861736085, 0.4438844747160082, 0.9278962231070312, 0.5498586053805384, 0.9734759550906121, 0.7570068785990992, 0.21458284356421564, 0.03541582529062082, 0.5744814664672764, 0.9726256262463358, 0.5326530380678457, 0.9070337893723778, 0.7402514976433071, 0.8776766820495246, 0.8620412272759955, 0.3541386793650535, 0.8932972042103682, 0.1874758297302781, 0.9961192457957794, 0.4221877321945534, 0.27681967554649056, 0.3846300578202868, 0.7189368257144289, 0.10079258757942378, 0.7603020903879436, 0.46828321591768707, 0.4954485415647275, 0.37097729243730937, 0.7188658269941883, 0.22723459505062338, 0.3155273571477506, 0.1660633833266657, 0.9852541827175637, 0.39537389671802203, 0.4070250975105594, 0.13509033357026246, 0.4175665545506321, 0.5141710563717328, 0.5076295495520445, 0.7756467184196916, 0.554399548332445, 0.861424987425264, 0.8196770623179173, 0.14922558309626666, 0.20267624559427244, 0.2738368230685214, 0.5761077733272311, 0.5149635833762325], [0.5883939576268501, 0.12489464144507778, 0.3726635861736085, 0.4438844747160082, 0.9278962231070312, 0.5498586053805384, 0.9734759550906121, 0.7570068785990992, 0.21458284356421564, 0.03541582529062082, 0.5744814664672764, 0.9726256262463358, 0.5326530380678457, 0.9070337893723778, 0.7402514976433071, 0.8776766820495246, 0.8620412272759955, 0.3541386793650535, 0.8932972042103682, 0.1874758297302781, 0.9961192457957794, 0.4221877321945534, 0.27681967554649056, 0.3846300578202868, 0.7189368257144289, 0.10079258757942378, 0.7603020903879436, 0.46828321591768707, 0.4954485415647275, 0.37097729243730937, 0.7188658269941883, 0.22723459505062338, 0.3155273571477506, 0.1660633833266657, 0.9852541827175637, 0.39537389671802203, 0.4070250975105594, 0.13509033357026246, 0.4175665545506321, 0.5141710563717328, 0.5076295495520445, 0.7756467184196916, 0.554399548332445, 0.861424987425264, 0.8196770623179173, 0.14922558309626666, 0.20267624559427244, 0.2738368230685214, 0.5761077733272311, 0.5149635833762325], [0.5883939576268501, 0.12489464144507778, 0.3726635861736085, 0.4438844747160082, 0.9278962231070312, 0.5498586053805384, 0.9734759550906121, 0.7570068785990992, 0.21458284356421564, 0.03541582529062082, 0.5744814664672764, 0.9726256262463358, 0.5326530380678457, 0.9070337893723778, 0.7402514976433071, 0.8776766820495246, 0.8620412272759955, 0.3541386793650535, 0.8932972042103682, 0.1874758297302781, 0.9961192457957794, 0.4221877321945534, 0.27681967554649056, 0.3846300578202868, 0.7189368257144289, 0.10079258757942378, 0.7603020903879436, 0.46828321591768707, 0.4954485415647275, 0.37097729243730937, 0.7188658269941883, 0.22723459505062338, 0.3155273571477506, 0.1660633833266657, 0.9852541827175637, 0.39537389671802203, 0.4070250975105594, 0.13509033357026246, 0.4175665545506321, 0.5141710563717328, 0.5076295495520445, 0.7756467184196916, 0.554399548332445, 0.861424987425264, 0.8196770623179173, 0.14922558309626666, 0.20267624559427244, 0.2738368230685214, 0.5761077733272311, 0.5149635833762325], [0.5883939576268501, 0.12489464144507778, 0.3726635861736085, 0.4438844747160082, 0.9278962231070312, 0.5498586053805384, 0.9734759550906121, 0.7570068785990992, 0.21458284356421564, 0.03541582529062082, 0.5744814664672764, 0.9726256262463358, 0.5326530380678457, 0.9070337893723778, 0.7402514976433071, 0.8776766820495246, 0.8620412272759955, 0.3541386793650535, 0.8932972042103682, 0.1874758297302781, 0.9961192457957794, 0.4221877321945534, 0.27681967554649056, 0.3846300578202868, 0.7189368257144289, 0.10079258757942378, 0.7603020903879436, 0.46828321591768707, 0.4954485415647275, 0.37097729243730937, 0.7188658269941883, 0.22723459505062338, 0.3155273571477506, 0.1660633833266657, 0.9852541827175637, 0.39537389671802203, 0.4070250975105594, 0.13509033357026246, 0.4175665545506321, 0.5141710563717328, 0.5076295495520445, 0.7756467184196916, 0.554399548332445, 0.861424987425264, 0.8196770623179173, 0.14922558309626666, 0.20267624559427244, 0.2738368230685214, 0.5761077733272311, 0.5149635833762325], [0.5883939576268501, 0.12489464144507778, 0.3726635861736085, 0.4438844747160082, 0.9278962231070312, 0.5498586053805384, 0.9734759550906121, 0.7570068785990992, 0.21458284356421564, 0.03541582529062082, 0.5744814664672764, 0.9726256262463358, 0.5326530380678457, 0.9070337893723778, 0.7402514976433071, 0.8776766820495246, 0.8620412272759955, 0.3541386793650535, 0.8932972042103682, 0.1874758297302781, 0.9961192457957794, 0.4221877321945534, 0.27681967554649056, 0.3846300578202868, 0.7189368257144289, 0.10079258757942378, 0.7603020903879436, 0.46828321591768707, 0.4954485415647275, 0.37097729243730937, 0.7188658269941883, 0.22723459505062338, 0.3155273571477506, 0.1660633833266657, 0.9852541827175637, 0.39537389671802203, 0.4070250975105594, 0.13509033357026246, 0.4175665545506321, 0.5141710563717328, 0.5076295495520445, 0.7756467184196916, 0.554399548332445, 0.861424987425264, 0.8196770623179173, 0.14922558309626666, 0.20267624559427244, 0.2738368230685214, 0.5761077733272311, 0.5149635833762325], [0.5883939576268501, 0.12489464144507778, 0.3726635861736085, 0.4438844747160082, 0.9278962231070312, 0.5498586053805384, 0.9734759550906121, 0.7570068785990992, 0.21458284356421564, 0.03541582529062082, 0.5744814664672764, 0.9726256262463358, 0.5326530380678457, 0.9070337893723778, 0.7402514976433071, 0.8776766820495246, 0.8620412272759955, 0.3541386793650535, 0.8932972042103682, 0.1874758297302781, 0.9961192457957794, 0.4221877321945534, 0.27681967554649056, 0.3846300578202868, 0.7189368257144289, 0.10079258757942378, 0.7603020903879436, 0.46828321591768707, 0.4954485415647275, 0.37097729243730937, 0.7188658269941883, 0.22723459505062338, 0.3155273571477506, 0.1660633833266657, 0.9852541827175637, 0.39537389671802203, 0.4070250975105594, 0.13509033357026246, 0.4175665545506321, 0.5141710563717328, 0.5076295495520445, 0.7756467184196916, 0.554399548332445, 0.861424987425264, 0.8196770623179173, 0.14922558309626666, 0.20267624559427244, 0.2738368230685214, 0.5761077733272311, 0.5149635833762325], [0.5883939576268501, 0.12489464144507778, 0.3726635861736085, 0.4438844747160082, 0.9278962231070312, 0.5498586053805384, 0.9734759550906121, 0.7570068785990992, 0.21458284356421564, 0.03541582529062082, 0.5744814664672764, 0.9726256262463358, 0.5326530380678457, 0.9070337893723778, 0.7402514976433071, 0.8776766820495246, 0.8620412272759955, 0.3541386793650535, 0.8932972042103682, 0.1874758297302781, 0.9961192457957794, 0.4221877321945534, 0.27681967554649056, 0.3846300578202868, 0.7189368257144289, 0.10079258757942378, 0.7603020903879436, 0.46828321591768707, 0.4954485415647275, 0.37097729243730937, 0.7188658269941883, 0.22723459505062338, 0.3155273571477506, 0.1660633833266657, 0.9852541827175637, 0.39537389671802203, 