{"encoded_solution": [-1, 105, 188, 97, 180, 39, 8, 178, 79, 66, 17], "best_fitness": [-1.0, -1.0, -1.0, -1.0, -1.0, -1.0, -1.0, -1.0, -1.0, -1.0, -1.0], "best_positions": [[0.6484574652822853, 0.927527976255444, 0.18962964991907783, 0.5127689017485876, 0.7331438580911437, 0.7678486535554016, 0.7923179661964878, 0.9430190807564349, 0.15034834189913227, 0.2766400180965617, 0.3345993444637021, 0.37679488013060125, 0.5137713997766928, 0.35924936786408934, 0.2768977326625084, 0.7152735008401893, 0.8008376283661395, 0.4877017475295228, 0.7756890588674648, 0.7264970634718994, 0.8128764657398247, 0.46734067416926417, 0.9347019823709998, 0.2086992741707513, 0.2504341289588963, 0.16939623344318522, 0.7170935978575851, 0.256681372923377, 0.7008874826590072, 0.7332055148677411, 0.2397056313832554, 0.8155855686678912, 0.04731941729315259, 0.6322609901608135, 0.5154376749409951, 0.9423658837260325, 0.4508768224596885, 0.05177230692917045, 0.3195225234725183, 0.44355949171433895, 0.7641038477726737, 0.8665562397047708, 0.6550288970493323, 0.5844056569991196, 0.752544747471245, 0.5545026736688171, 0.16788555977556519, 0.5707750136642855, 0.3087259657266821, 0.5189880382561863], [0.6484574652822853, 0.927527976255444, 0.18962964991907783, 0.5127689017485876, 0.7331438580911437, 0.7678486535554016, 0.7923179661964878, 0.9430190807564349, 0.15034834189913227, 0.2766400180965617, 0.3345993444637021, 0.37679488013060125, 0.5137713997766928, 0.35924936786408934, 0.2768977326625084, 0.7152735008401893, 0.8008376283661395, 0.4877017475295228, 0.7756890588674648, 0.7264970634718994, 0.8128764657398247, 0.46734067416926417, 0.9347019823709998, 0.2086992741707513, 0.2504341289588963, 0.16939623344318522, 0.7170935978575851, 0.256681372923377, 0.7008874826590072, 0.7332055148677411, 0.2397056313832554, 0.8155855686678912, 0.04731941729315259, 0.6322609901608135, 0.5154376749409951, 0.9423658837260325, 0.4508768224596885, 0.05177230692917045, 0.3195225234725183, 0.44355949171433895, 0.7641038477726737, 0.8665562397047708, 0.6550288970493323, 0.5844056569991196, 0.752544747471245, 0.5545026736688171, 0.16788555977556519, 0.5707750136642855, 0.3087259657266821, 0.5189880382561863], [0.6484574652822853, 0.927527976255444, 0.18962964991907783, 0.5127689017485876, 0.7331438580911437, 0.7678486535554016, 0.7923179661964878, 0.9430190807564349, 0.15034834189913227, 0.2766400180965617, 0.3345993444637021, 0.37679488013060125, 0.5137713997766928, 0.35924936786408934, 0.2768977326625084, 0.7152735008401893, 0.8008376283661395, 0.4877017475295228, 0.7756890588674648, 0.7264970634718994, 0.8128764657398247, 0.46734067416926417, 0.9347019823709998, 0.2086992741707513, 0.2504341289588963, 0.16939623344318522, 0.7170935978575851, 0.256681372923377, 0.7008874826590072, 0.7332055148677411, 0.2397056313832554, 0.8155855686678912, 0.04731941729315259, 0.6322609901608135, 0.5154376749409951, 0.9423658837260325, 0.4508768224596885, 0.05177230692917045, 0.3195225234725183, 0.44355949171433895, 0.7641038477726737, 0.8665562397047708, 0.6550288970493323, 0.5844056569991196, 0.752544747471245, 0.5545026736688171, 0.16788555977556519, 0.5707750136642855, 0.3087259657266821, 0.5189880382561863], [0.6484574652822853, 0.927527976255444, 0.18962964991907783, 0.5127689017485876, 0.7331438580911437, 0.7678486535554016, 0.7923179661964878, 0.9430190807564349, 0.15034834189913227, 0.2766400180965617, 0.3345993444637021, 0.37679488013060125, 0.5137713997766928, 0.35924936786408934, 0.2768977326625084, 0.7152735008401893, 0.8008376283661395, 0.4877017475295228, 0.7756890588674648, 0.7264970634718994, 0.8128764657398247, 0.46734067416926417, 0.9347019823709998, 0.2086992741707513, 0.2504341289588963, 0.16939623344318522, 0.7170935978575851, 0.256681372923377, 0.7008874826590072, 0.7332055148677411, 0.2397056313832554, 0.8155855686678912, 0.04731941729315259, 0.6322609901608135, 0.5154376749409951, 0.9423658837260325, 0.4508768224596885, 0.05177230692917045, 0.3195225234725183, 0.44355949171433895, 0.7641038477726737, 0.8665562397047708, 0.6550288970493323, 0.5844056569991196, 0.752544747471245, 0.5545026736688171, 0.16788555977556519, 0.5707750136642855, 0.3087259657266821, 0.5189880382561863], [0.6484574652822853, 0.927527976255444, 0.18962964991907783, 0.5127689017485876, 0.7331438580911437, 0.7678486535554016, 0.7923179661964878, 0.9430190807564349, 0.15034834189913227, 0.2766400180965617, 0.3345993444637021, 0.37679488013060125, 0.5137713997766928, 0.35924936786408934, 0.2768977326625084, 0.7152735008401893, 0.8008376283661395, 0.4877017475295228, 0.7756890588674648, 0.7264970634718994, 0.8128764657398247, 0.46734067416926417, 0.9347019823709998, 0.2086992741707513, 0.2504341289588963, 0.16939623344318522, 0.7170935978575851, 0.256681372923377, 0.7008874826590072, 0.7332055148677411, 0.2397056313832554, 0.8155855686678912, 0.04731941729315259, 0.6322609901608135, 0.5154376749409951, 0.9423658837260325, 0.4508768224596885, 0.05177230692917045, 0.3195225234725183, 0.44355949171433895, 0.7641038477726737, 0.8665562397047708, 0.6550288970493323, 0.5844056569991196, 0.752544747471245, 0.5545026736688171, 0.16788555977556519, 0.5707750136642855, 0.3087259657266821, 0.5189880382561863], [0.6484574652822853, 0.927527976255444, 0.18962964991907783, 0.5127689017485876, 0.7331438580911437, 0.7678486535554016, 0.7923179661964878, 0.9430190807564349, 0.15034834189913227, 0.2766400180965617, 0.3345993444637021, 0.37679488013060125, 0.5137713997766928, 0.35924936786408934, 0.2768977326625084, 0.7152735008401893, 0.8008376283661395, 0.4877017475295228, 0.7756890588674648, 0.7264970634718994, 0.8128764657398247, 0.46734067416926417, 0.9347019823709998, 0.2086992741707513, 0.2504341289588963, 0.16939623344318522, 0.7170935978575851, 0.256681372923377, 0.7008874826590072, 0.7332055148677411, 0.2397056313832554, 0.8155855686678912, 0.04731941729315259, 0.6322609901608135, 0.5154376749409951, 0.9423658837260325, 0.4508768224596885, 0.05177230692917045, 0.3195225234725183, 0.44355949171433895, 0.7641038477726737, 0.8665562397047708, 0.6550288970493323, 0.5844056569991196, 0.752544747471245, 0.5545026736688171, 0.16788555977556519, 0.5707750136642855, 0.3087259657266821, 0.5189880382561863], [0.6484574652822853, 0.927527976255444, 0.18962964991907783, 0.5127689017485876, 0.7331438580911437, 0.7678486535554016, 0.7923179661964878, 0.9430190807564349, 0.15034834189913227, 0.2766400180965617, 0.3345993444637021, 0.37679488013060125, 0.5137713997766928, 0.35924936786408934, 0.2768977326625084, 0.7152735008401893, 0.8008376283661395, 0.4877017475295228, 0.7756890588674648, 0.7264970634718994, 0.8128764657398247, 0.46734067416926417, 0.9347019823709998, 0.2086992741707513, 0.2504341289588963, 0.16939623344318522, 0.7170935978575851, 0.256681372923377, 0.7008874826590072, 0.7332055148677411, 0.2397056313832554, 0.8155855686678912, 0.04731941729315259, 0.6322609901608135, 0.5154376749409951, 0.9423658837260325, 0.4508768224596885, 0.05177230692917045, 0.3195225234725183, 0.44355949171433895, 0.7641038477726737, 0.8665562397047708, 0.6550288970493323, 0.5844056569991196, 0.752544747471245, 0.5545026736688171, 0.16788555977556519, 0.5707750136642855, 0.3087259657266821, 0.5189880382561863], [0.6484574652822853, 0.927527976255444, 0.18962964991907783, 0.5127689017485876, 0.7331438580911437, 0.7678486535554016, 0.7923179661964878, 0.9430190807564349, 0.15034834189913227, 0.2766400180965617, 0.3345993444637021, 0.37679488013060125, 0.5137713997766928, 0.35924936786408934, 0.2768977326625084, 0.7152735008401893, 0.8008376283661395, 0.4877017475295228, 0.7756890588674648, 0.7264970634718994, 0.8128764657398247, 0.46734067416926417, 0.9347019823709998, 0.2086992741707513, 0.2504341289588963, 0.16939623344318522, 0.7170935978575851, 0.256681372923377, 0.7008874826590072, 0.7332055148677411, 0.2397056313832554, 0.8155855686678912, 0.04731941729315259, 0.6322609901608135, 0.5154376749409951, 0.9423658837260325, 0.4508768224596885, 