{"encoded_solution": [-1, 194, 46, 180, 85, 192, 153, 119, 98, 23, 148], "best_fitness": [0.0, 0.0, 0.0, 0.0, 0.0, 0.0, 0.0, 0.0, 0.0, 0.0, 0.0], "best_positions": [[1.150780807386493], [1.150780807386493], [1.150780807386493], [-9.057364186319973], [-24.66793265797108], [64.7102590604718], [-363.6297412087155], [-363.6297412087155], [-363.6297412087155], [-542.4764700112075], [23548.854377908712]], "details": {"fitness_per_rep": [[0.0, 0.0, 0.0, 0.0, 0.0, 0.0, 0.0, 0.0, 0.0, 0.0, 0.0], [0.0, 0.0, 0.0, 0.0, 0.0, 0.0, 0.0, 0.0, 0.0, 0.0, 0.0], [0.0, 0.0, 0.0, 0.0, 0.0, 0.0, 0.0, 0.0, 0.0, 0.0, 0.0]], "sequence_per_rep": [[-1, 46, 141, 50, 8, 85, 119, 100, 66, 102, 92], [-1, 24, 44, 169, 192, 117, 59, 98, 23, 189, 70], [-1, 194, 46, 180, 85, 192, 153, 119, 98, 23, 148]], "weight_matrix": null}}