{"encoded_solution": [-1, 28, 27, 186, 123, 103, 128, 91, 43, 126, 199], "best_fitness": [0.0, 0.0, 0.0, 0.0, 0.0, 0.0, 0.0, 0.0, 0.0, 0.0, 0.0], "best_positions": [[0.7383974094423823, 0.8425226392143919, 0.9945913580959844, 0.8236797331453839, 0.9313917501769979, 0.9728975232874771, 0.4740882981635479, 0.5156115011136239, 0.5833619729273162, 0.84562681941315, 0.7262896198157579, 0.4796003935665578, 0.809446026669385, 0.9635761631061207, 0.3396021914720112, 0.9262110713647425, 0.34056916096935785, 0.9064512082791514, 0.9091156448261778, 0.4739541340286908, 0.010201543845900884, 0.5996204612254766, 0.7633555367783246, 0.4258009936880943, 0.5606078396448728, 0.6478676359586528, 0.8561389505840772, 0.8317788098897065, 0.5106232342664996, 0.08228863019077914, 0.1628619427168787, 0.9883363830841128, 0.4541745962319771, 0.046657610554444506, 0.30808112273226573, 0.5362169676898357, 0.19244669524878544, 0.3915792314504867, 0.906384626250773, 0.844365572240378, 0.3634470495281905, 0.6547830268172102, 0.6918937805378936, 0.5315496765973008, 0.6111463411104161, 0.24271028896325175, 0.17701704847504318, 0.3399699758112834, 0.5180306862615466, 0.5512387134156753], [1.1347318894222815, -5.819741618856089, 7.841204401137639, -8.749383426298103, 3.4472208395837267, 5.467509617257934, 1.29918767782089, -0.49780150887266417, -1.8112277071148113, -1.291826723526107, 94.65039400176386, -0.7008277030972012, 13.616609712772696, -5.3423685891713655, 4.08682824116881, 1.1678642285127707, -1.9076883312105082, 0.4951613794677112, 1.4741246802161725, 1.645913644898373, 1.0024768712169623, -0.5815452034188935, 2.089858553189383, 6.641449817489049, 0.23270791920617784, -0.6683530968512885, 5.644992283901469, 1.3828864825250777, -2.4407734625834983, 2.7635376490021057, 18.219851335182756, 1.7896927391696884, -0.9041053896850415, -1.0451912267847943, 4.205700864669717, -7.250031015621057, 9.185701752835623, -0.22742900512149644, -0.43690706490139664, 0.7999320210705225, 3.72215171970684, -6.6144329625713425, -0.9342607537260053, 1.0048429424975098, 9.845713874758365, 2.8850661438060423, 4.462283743729337, -22.438827342712443, 14.805494249726216, 0.48023246186603896], [-7.071932131325822, -16.760673125231232, -26.304553535446757, -8.656798905006024, 23.042334100597536, 20.16419465373921, -0.8585690559968597, -17.61182808446502, -16.426916854315312, 9.839344071434002, -723.390391360824, 3.7676586677746036, -28.774070730614337, -43.0838157788297, 21.607204081774594, -1.6353211232178664, -22.926050365044603, -7.697144305812566, 3.1570082641555697, 9.79163679429222, 62.69802628193498, -3.0031723490202573, 10.8757017655082, 11.883358674718446, 29.961486935637097, 12.856922787234868, 25.875591925002567, -3.9715725688814585, -0.06146056962828683, 25.76333996296466, 125.2641114024369, 1.621560401544375, 10.252429760308377, -11.438355035516548, -18.844118130386686, 7.085708459510414, 32.63411748029394, 19.1401155010702, 6.02750316650924, -0.3935233217514753, 14.85839872238198, 12.563457277195592, -13.562887217933985, 17.23931842583268, 23.520035839699947, -10.902637747259337, -3.4758969444894587, -54.57596615734417, 38.38119327205796, 5.313424641231825], [0.6554548833126704, 69.13323825205654, -479.6445112867061, 766.3536971506625, -87.08473544821264, -42.26576321431925, -8.872922802350546, 458.1322293772991, 34.49033742143496, -143.54853134260594, -30.58470781713359, -313.96751098164276, -936.8253462118765, 5297.317845720775, -64.10140226757885, -5.995885878696357, -11.97131225154275, -0.8269205568797711, -6.063815405176013, -579.3398633996777, 192.82269611751826, -15.678269606614826, -5.475953022203243, 141.45520432755822, -15.907138038441754, 147.95616463983305, -74.77682157041042, 1016.0445592931886, 3.6008666694268543, -3.571746069843358, 163.84462265103403, -35.167148430927384, 5.9822706865568165, -28.726146009148955, -264.10573764236284, -11.23280844287863, 103.79134231587969, 379.35627276038406, 19.35170551772929, 37.751687606632856, 81.73531163673623, 95.89122932010852, 20.9734176678862, -20.95376529915312, 5.082806773071892, 241.78592023806783, -637.4858275075118, 92.39851077859623, 509.0552705412215, -118.9133858314096], [0.6554548833126704, 69.13323825205654, -479.6445112867061, 766.3536971506625, -87.08473544821264, -42.26576321431925, -8.872922802350546, 458.1322293772991, 34.49033742143496, -143.54853134260594, -30.58470781713359, -313.96751098164276, -936.8253462118765, 5297.317845720775, -64.10140226757885, -5.995885878696357, -11.97131225154275, -0.8269205568797711, -6.063815405176013, -579.3398633996777, 192.82269611751826, -15.678269606614826, -5.475953022203243, 141.45520432755822, -15.907138038441754, 147.95616463983305, -74.77682157041042, 1016.0445592931886, 3.6008666694268543, -3.571746069843358, 163.84462265103403, -35.167148430927384, 5.9822706865568165, -28.726146009148955, -264.10573764236284, -11.23280844287863, 103.79134231587969, 379.35627276038406, 19.35170551772929, 37.751687606632856, 81.73531163673623, 95.89122932010852, 20.9734176678862, -20.95376529915312, 5.082806773071892, 241.78592023806783, -637.4858275075118, 92.39851077859623, 509.0552705412215, -118.9133858314096], [0.6554548833126704, 69.13323825205654, -479.6445112867061, 766.3536971506625, -87.08473544821264, -42.26576321431925, -8.872922802350546, 458.1322293772991, 34.49033742143496, -143.54853134260594, -30.58470781713359, -313.96751098164276, -936.8253462118765, 5297.317845720775, -64.10140226757885, -5.995885878696357, -11.97131225154275, -0.8269205568797711, -6.063815405176013, -579.3398633996777, 192.82269611751826, -15.678269606614826, -5.475953022203243, 141.45520432755822, -15.907138038441754, 147.95616463983305, -74.77682157041042, 1016.0445592931886, 3.6008666694268543, -3.571746069843358, 163.84462265103403, -35.167148430927384, 5.9822706865568165, -28.726146009148955, -264.10573764236284, -11.23280844287863, 103.79134231587969, 379.35627276038406, 19.35170551772929, 37.751687606632856, 81.73531163673623, 95.89122932010852, 20.9734176678862, -20.95376529915312, 5.082806773071892, 241.78592023806783, -637.4858275075118, 92.39851077859623, 509.0552705412215, -118.9133858314096], [0.8752696584948181, 77.46224524026886, -590.1332820508221, 765.9019981567133, -86.768623702593, -41.89143650452968, -394.81618452530904, 562.8428061577902, 491.9707372355652, -143.71566437511268, -669.7673410845435, -313.53993536295013, 111.77745987405139, 5297.833793843853, -65.01586472563235, -7.219275872215597, -2218.567833546438, -1.1719687253953563, -5.878896453932668, -578.7718299031512, 193.47628321427123, -15.70995957208348, -5.605432494823786, 1054.0896682827654, -15.888287055264477, 149.11067223793881, -36.99677229904805, 1016.3963859632889, 3.5817482526082416, 56.81597059342806, 164.89438001197263, -33.60598227342113, -98.40471590453404, -101.39002515594039, -264.364990342546, -9.489588725360077, 26.720317703138925, 379.40569094415355, 428.89122262469624, 11.315635919607148, 394.8615854597497, 94.47151874611443, 20.98556943541798, -21.630119963032154, 508.1268622431144, 241.79445259683627, -637.5175133043572, -1940.9334093508762, 509.00773865397207, -7.643938120387604], [0.8752696584948181, 77.46224524026886, -590.1332820508221, 765.9019981567133, -86.768623702593, -41.89143650452968, -394.81618452530904, 562.8428061577902, 491.9707372355652, -143.71566437511268, -669.7673410845435, -313.53993536295013, 111.77745987405139, 5297.833793843853, -65.01586472563235, -7.219275872215597, -2218.567833546438, -1.1719687253953563, -5.878896453932668, -578.7718299031512, 193.47628321427123, -15.70995957208348, -5.605432494823786, 1054.0896682827654, -15.888287055264477, 149.11067223793881, -36.99677229904805, 1016.3963859632889, 3.5817482526082416, 56.81597059342806, 164.89438001197263, -33.60598227342113, -98.40471590453404, -101.39002515594039, -264.364990342546, -9.489588725360077, 26.720317703138925, 379.40569094415355, 428.89122262469624, 11.315635919607148, 394.8615854597497, 94.47151874611443, 