{"encoded_solution": [-1, 160, 30, 56, 107, 188, 121, 12, 111, 184, 76], "best_fitness": [-1.0, -1.0, -1.0, -1.0, -1.0, -1.0, -1.0, -1.0, -1.0, -1.0, -1.0], "best_positions": [[0.02549597814165705, 0.6109482597903055, 0.39306934869408083, 0.05455369331347948, 0.3684658011973393, 0.5000652998922624, 0.8968353346461387, 0.21924857305468315, 0.5560498991693973, 0.2029172411202147, 0.37695365623600896, 0.5976829744273644, 0.36550572872273535, 0.8092622906001916, 0.3018148842033227, 0.028846967258430944, 0.9185245236723507, 0.4990153386912154, 0.6364083305676856, 0.3748525957811002, 0.7417486375301051, 0.9909250850921535, 0.8080385013529716, 0.4562559964000793, 0.0736829869317771, 0.858303210782367, 0.3920114757448264, 0.6886591359167086, 0.12355078758476079, 0.42898612490251564, 0.8754106698738916, 0.2598081892582862, 0.5824441414253114, 0.511449197880554, 0.4410259055555964, 0.21114468420883148, 0.564635543450284, 0.002512387956000506, 0.5295615453550008, 0.40025052738455824, 0.3410440538373135, 0.7924857153819689, 0.15139507370566507, 0.4015256733706598, 0.05068103991889772, 0.6308709999548303, 0.2850385749460076, 0.1194330560977862, 0.848916542409551, 0.6936189419052738], [0.02549597814165705, 1.6368189620369777, 0.39306934869408083, 0.05455369331347948, 0.3684658011973393, 0.5000652998922624, 0.8968353346461387, 0.11812408093413085, 0.5560498991693973, 0.2029172411202147, 0.37695365623600896, 0.5976829744273644, 0.36550572872273535, 0.7391500233885465, 0.3018148842033227, 0.028846967258430944, 0.9185245236723507, 0.4990153386912154, 0.6364083305676856, 0.3748525957811002, 0.7417486375301051, 0.991097077351956, 0.8874769208978375, 0.4562559964000793, 0.0736829869317771, 0.858303210782367, 0.3920114757448264, 0.6886591359167086, 0.09342956980237188, 0.42898612490251564, 0.8467080385362578, 0.2598081892582862, 0.5824441414253114, 0.5413716678697655, 0.4410259055555964, 0.21114468420883148, 0.6328453276835284, 0.26763057656940925, 0.5295615453550008, 0.3965111200300701, 0.4134924628082153, 0.7924857153819689, 0.15139507370566507, 0.4015256733706598, 0.059239815986822764, 0.6308709999548303, 0.2850385749460076, 0.1194330560977862, 0.848916542409551, 0.6936189419052738], [-0.026454906531761413, 1.7500169759257682, 0.7651515138042666, 0.3389332078385608, 0.5613562647589742, 0.9412872914528236, 0.7004678458918967, 0.02985850955110969, 0.8619273036061827, 0.16436347373449178, 0.12897084996875602, 0.5302828404525, 0.27149042037886073, 0.6851114169759067, 0.6067355359453723, 0.14680080768202702, 0.9671953208047254, 0.6216970212783484, 0.5399479416726563, 0.34650473503190915, 0.3643986795811487, 0.6445147662567585, 1.4077617723806997, 0.9085996706665245, 0.24922905359098813, 0.9661524523865154, 0.5031238552364055, 0.7419510105277993, 0.082110235824641, 0.383877124524212, 1.0304185640769992, 0.16000412932424518, 0.5011633901276257, 0.40949018943411253, 0.1322581930061778, 0.4303938594912105, 0.3447263317469014, 0.7233324046674796, 0.40851189105644703, 0.5344629517186621, 0.15470944876525444, 0.43291183789321447, -0.20050628033583928, 0.22466093728329029, 0.037691288171184834, 0.6839122985264108, 0.2942810605369737, -0.07087164185401695, 1.8636565462742145, 0.8581500325366418], [0.90886782369209, 2.150079259584456, 0.5352518451515875, 1.0159118970409244, 1.1466854641670956, 1.0292928957283303, 0.5834758918604857, -0.012610959865881344, 0.828809818289074, 0.6523969427052264, -0.10606715180773929, 1.1444456620055834, 1.1624018475270184, 0.277855385740582, 0.44615541650878, 0.2000928756748464, 1.028605266602695, 0.5295209282830033, 0.698448391377922, -0.033891195621692294, 0.9652982815445695, 1.0893653466386746, 1.5457475603043713, 0.36613709296898433, 0.13964109815293269, 0.20897679449784295, 1.1429557770752878, 1.7089898216901172, 0.09112022549541327, 0.4117253102152484, 0.8679691306504629, 0.03486785702766748, 0.8379310929904727, 0.34010862398817343, 0.06672153654356006, 0.2925049960395735, -0.058032101425829374, 1.2842061634287056, 0.8428606390407407, 0.5664971236108783, -0.34374217023635234, -0.10682232810192938, -0.8887322425566497, -1.1456601590091484, -0.4521198073296735, 1.239062480391368, 0.6918595388831623, 0.3268533193275884, 1.821745079876616, 0.6927360733738783], [0.8022968661114426, -91.45410491859487, -0.3005889421941442, 0.11158723768351331, 1.4522948549791106, 1.4811952276278888, 17.719716250240815, 2.646831054041112, 1.8839097355141703, 5.722558306675788, 5.61458845624886, 1.8814278399752011, 2.3810254749209423, 6.259014901877808, -1.4286366628058305, -0.26470355297921744, 4.2930455250604, -10.305237927745152, 0.8140426544889328, -14.504998465900208, 0.8349070933055428, -0.337439232687038, 6.149434399016174, -2.057877442054999, 5.595661682652589, 0.1631955749963518, 1.6594907100689253, 1.3706372326031113, 4.6434418509204285, 0.43578235791861364, 3.422608279151132, 0.4208340345179021, 1.700831446772021, 2.926977569055395, -0.03907644260953402, -0.4545425004971342, 0.3616068864427311, -12.880649321754131, 0.6195549056511738, 0.2639945127702621, -1.2642258364827623, -8.834874127527183, -6.631978391256291, -10.817441277214636, 8.574879419340046, 2.5373157146501484, 1.696285388507578, -16.536705233173503, 1.3354693383814158, 2.214727255268618], [1.5134329090774887, -157.680788417648, -0.6568780850117044, 0.2950150788434708, 1.0908880375744834, 2.7200154443390727, 29.989511208919147, 4.7846351917502, 3.0479685716531297, 9.062515357345156, 10.386577150714807, 2.391547916073014, 3.3982106683538644, 10.71002011090333, -3.4955552760936035, -1.1334827396608809, 6.866536948213749, -17.925430317424716, 0.045244957700315225, -24.346632115893346, 0.6320542719473415, -0.9950077236443988, 8.85279314406527, -4.374112646321503, 9.719190895877436, -0.760408242327367, 1.9576895881805774, 0.9429651899384469, 8.871884904254388, -0.4236192489320725, 5.4195364920693265, 0.826212746810687, 2.8697017399836042, 5.875611664482932, -0.2574801705324776, -1.085189529045279, -0.13288463197002776, -22.515667103864747, 0.15890284643291652, 0.5435623824878258, -1.605921171167981, -14.78363963642963, -10.167016805655681, -17.562002425218363, 14.934175945774374, 3.6787277194720374, 2.1219259355403124, -28.51091273608269, 0.9528302107862543, 3.0316643903886247], [1.5134329090774887, -157.680788417648, -0.6568780850117044, 0.2950150788434708, 1.0908880375744834, 2.7200154443390727, 29.989511208919147, 4.7846351917502, 3.0479685716531297, 9.062515357345156, 10.386577150714807, 2.391547916073014, 3.3982106683538644, 10.71002011090333, -3.4955552760936035, -1.1334827396608809, 6.866536948213749, -17.925430317424716, 0.045244957700315225, -24.346632115893346, 0.6320542719473415, -0.9950077236443988, 8.85279314406527, -4.374112646321503, 9.719190895877436, -0.760408242327367, 1.9576895881805774, 0.9429651899384469, 8.871884904254388, -0.4236192489320725, 5.4195364920693265, 0.826212746810687, 2.8697017399836042, 5.875611664482932, -0.2574801705324776, -1.085189529045279, -0.13288463197002776, -22.515667103864747, 0.15890284643291652, 0.5435623824878258, -1.605921171167981, -14.78363963642963, -10.167016805655681, -17.562002425218363, 14.934175945774374, 3.6787277194720374, 2.1219259355403124, -28.51091273608269, 0.9528302107862543, 3.0316643903886247], [-11.426329371430754, -52.39739989891308, -32.477925004009336, 6.656665546597691, 34.02723126547013, -4.440789496857306, 59.86196871879415, 11.735672600312444, 3.9474352077598764, 76.34679506441643, 7.341051905609264, 13.85587284541707, -8.072271548166828, -8.063253705224326, -52.680601647454836, -58.500529520840175, 21.711704686501378, -146.93283292601075, 48.404295437174106, -318.42213104217427, 5.859357148067522, 9.851644913286622, -19.04428104687945, 7.276333508896638, 12.308661135163533, 2.1226739383042075, 23.675803492434618, -3.7444192778750436, 53.91834231337106, -3.728911961164891, 11.469254822810218, -6.530840471973092, 0.1392312994783631, -34.83508685182488, -1.4530406324160707, -16.507478568191495, 7.957423552214418, 