{"encoded_solution": [-1, 186, 114, 60, 11, 115, 37, 78, 131, 113, 52], "best_fitness": [-1.0, -1.0, -1.0, -1.0, -1.0, -1.0, -1.0, -1.0, -1.0, -1.0, -1.0], "best_positions": [[0.43731157204951343, 0.7569143310469644, 0.5595203963547397, 0.7808505098152543, 0.5266008339641784, 0.9789302531537105, 0.7100839350932941, 0.1935245395913936, 0.4857567095295563, 0.8520394404359829, 0.542487960856142, 0.36233631748738937, 0.4340514185411277, 0.3765306033910001, 0.830799777317089, 0.7840782612932689, 0.2828885420872199, 0.14462795939875706, 0.30610085531002607, 0.596747309928852, 0.9936960805100765, 0.19040879245505438, 0.18477790185550513, 0.5632887936578923, 0.3459756554348815, 0.2800486965744622, 0.37218202845998916, 0.8502788202430757, 0.2867775566214654, 0.6039302163506111, 0.7891574138319176, 0.47324093132147416, 0.06899696691308554, 0.20669194788680878, 0.7299954998638915, 0.01611315525616519, 0.3748237182792481, 0.7486932328704159, 0.8214320137184071, 0.2486080370092455, 0.4991667566044825, 0.3910314097775234, 0.3931158595282427, 0.6327027394268424, 0.9011980777716071, 0.5210073151498451, 0.6321722095765624, 0.0827268366216044, 0.7316454208598535, 0.5374813505029296], [0.43731157204951343, 0.7569143310469644, 0.5595203963547397, 0.7808505098152543, 0.5266008339641784, 0.9789302531537105, 0.7100839350932941, 0.1935245395913936, 0.4857567095295563, 0.8520394404359829, 0.542487960856142, 0.36233631748738937, 0.4340514185411277, 0.3765306033910001, 0.830799777317089, 0.7840782612932689, 0.2828885420872199, 0.14462795939875706, 0.30610085531002607, 0.596747309928852, 0.9936960805100765, 0.19040879245505438, 0.18477790185550513, 0.5632887936578923, 0.3459756554348815, 0.2800486965744622, 0.37218202845998916, 0.8502788202430757, 0.2867775566214654, 0.6039302163506111, 0.7891574138319176, 0.47324093132147416, 0.06899696691308554, 0.20669194788680878, 0.7299954998638915, 0.01611315525616519, 0.3748237182792481, 0.7486932328704159, 0.8214320137184071, 0.2486080370092455, 0.4991667566044825, 0.3910314097775234, 0.3931158595282427, 0.6327027394268424, 0.9011980777716071, 0.5210073151498451, 0.6321722095765624, 0.0827268366216044, 0.7316454208598535, 0.5374813505029296], [0.43731157204951343, 0.7569143310469644, 0.5595203963547397, 0.7808505098152543, 0.5266008339641784, 0.9789302531537105, 0.7100839350932941, 0.1935245395913936, 0.4857567095295563, 0.8520394404359829, 0.542487960856142, 0.36233631748738937, 0.4340514185411277, 0.3765306033910001, 0.830799777317089, 0.7840782612932689, 0.2828885420872199, 0.14462795939875706, 0.30610085531002607, 0.596747309928852, 0.9936960805100765, 0.19040879245505438, 0.18477790185550513, 0.5632887936578923, 0.3459756554348815, 0.2800486965744622, 0.37218202845998916, 0.8502788202430757, 0.2867775566214654, 0.6039302163506111, 0.7891574138319176, 0.47324093132147416, 0.06899696691308554, 0.20669194788680878, 0.7299954998638915, 0.01611315525616519, 0.3748237182792481, 0.7486932328704159, 0.8214320137184071, 0.2486080370092455, 0.4991667566044825, 0.3910314097775234, 0.3931158595282427, 0.6327027394268424, 0.9011980777716071, 0.5210073151498451, 0.6321722095765624, 0.0827268366216044, 0.7316454208598535, 0.5374813505029296], [0.43731157204951343, 0.7569143310469644, 0.5595203963547397, 0.7808505098152543, 0.5266008339641784, 0.9789302531537105, 0.7100839350932941, 0.1935245395913936, 0.4857567095295563, 0.8520394404359829, 0.542487960856142, 0.36233631748738937, 0.4340514185411277, 0.3765306033910001, 0.830799777317089, 0.7840782612932689, 0.2828885420872199, 0.14462795939875706, 0.30610085531002607, 0.596747309928852, 0.9936960805100765, 0.19040879245505438, 0.18477790185550513, 0.5632887936578923, 0.3459756554348815, 0.2800486965744622, 0.37218202845998916, 0.8502788202430757, 0.2867775566214654, 0.6039302163506111, 0.7891574138319176, 0.47324093132147416, 0.06899696691308554, 0.20669194788680878, 0.7299954998638915, 0.01611315525616519, 0.3748237182792481, 0.7486932328704159, 0.8214320137184071, 0.2486080370092455, 0.4991667566044825, 0.3910314097775234, 0.3931158595282427, 0.6327027394268424, 0.9011980777716071, 0.5210073151498451, 0.6321722095765624, 0.0827268366216044, 0.7316454208598535, 0.5374813505029296], [0.43731157204951343, 0.7569143310469644, 0.5595203963547397, 0.7808505098152543, 0.5266008339641784, 0.9789302531537105, 0.7100839350932941, 0.1935245395913936, 0.4857567095295563, 0.8520394404359829, 0.542487960856142, 0.36233631748738937, 0.4340514185411277, 0.3765306033910001, 0.830799777317089, 0.7840782612932689, 0.2828885420872199, 0.14462795939875706, 0.30610085531002607, 0.596747309928852, 0.9936960805100765, 0.19040879245505438, 0.18477790185550513, 0.5632887936578923, 0.3459756554348815, 0.2800486965744622, 0.37218202845998916, 0.8502788202430757, 0.2867775566214654, 0.6039302163506111, 0.7891574138319176, 0.47324093132147416, 0.06899696691308554, 0.20669194788680878, 0.7299954998638915, 0.01611315525616519, 0.3748237182792481, 0.7486932328704159, 0.8214320137184071, 0.2486080370092455, 0.4991667566044825, 0.3910314097775234, 0.3931158595282427, 0.6327027394268424, 0.9011980777716071, 0.5210073151498451, 0.6321722095765624, 0.0827268366216044, 0.7316454208598535, 0.5374813505029296], [0.43731157204951343, 0.7569143310469644, 0.5595203963547397, 0.7808505098152543, 0.5266008339641784, 0.9789302531537105, 0.7100839350932941, 0.1935245395913936, 0.4857567095295563, 0.8520394404359829, 0.542487960856142, 0.36233631748738937, 0.4340514185411277, 0.3765306033910001, 0.830799777317089, 0.7840782612932689, 0.2828885420872199, 0.14462795939875706, 0.30610085531002607, 0.596747309928852, 0.9936960805100765, 0.19040879245505438, 0.18477790185550513, 0.5632887936578923, 0.3459756554348815, 0.2800486965744622, 0.37218202845998916, 0.8502788202430757, 0.2867775566214654, 0.6039302163506111, 0.7891574138319176, 0.47324093132147416, 0.06899696691308554, 0.20669194788680878, 0.7299954998638915, 0.01611315525616519, 0.3748237182792481, 0.7486932328704159, 0.8214320137184071, 0.2486080370092455, 0.4991667566044825, 0.3910314097775234, 0.3931158595282427, 0.6327027394268424, 0.9011980777716071, 0.5210073151498451, 0.6321722095765624, 0.0827268366216044, 0.7316454208598535, 0.5374813505029296], [0.43731157204951343, 0.7569143310469644, 0.5595203963547397, 0.7808505098152543, 0.5266008339641784, 0.9789302531537105, 0.7100839350932941, 0.1935245395913936, 0.4857567095295563, 0.8520394404359829, 0.542487960856142, 0.36233631748738937, 0.4340514185411277, 0.3765306033910001, 0.830799777317089, 0.7840782612932689, 0.2828885420872199, 0.14462795939875706, 0.30610085531002607, 0.596747309928852, 0.9936960805100765, 0.19040879245505438, 0.18477790185550513, 0.5632887936578923, 0.3459756554348815, 0.2800486965744622, 0.37218202845998916, 0.8502788202430757, 0.2867775566214654, 0.6039302163506111, 0.7891574138319176, 0.47324093132147416, 0.06899696691308554, 0.20669194788680878, 0.7299954998638915, 0.01611315525616519, 0.3748237182792481, 0.7486932328704159, 0.8214320137184071, 0.2486080370092455, 0.4991667566044825, 0.3910314097775234, 0.3931158595282427, 0.6327027394268424, 0.9011980777716071, 0.5210073151498451, 0.6321722095765624, 0.0827268366216044, 0.7316454208598535, 0.5374813505029296], [0.43731157204951343, 0.7569143310469644, 0.5595203963547397, 0.7808505098152543, 0.5266008339641784, 0.9789302531537105, 0.7100839350932941, 0.1935245395913936, 0.4857567095295563, 0.8520394404359829, 0.542487960856142, 0.36233631748738937, 0.4340514185411277, 0.3765306033910001, 0.830799777317089, 0.7840782612932689, 0.2828885420872199, 0.14462795939875706, 0.30610085531002607, 0.596747309928852, 0.9936960805100765, 0.19040879245505438, 0.18477790185550513, 0.5632887936578923, 0.3459756554348815, 0.2800486965744622, 0.37218202845998916, 0.8502788202430757, 0.2867775566214654, 0.6039302163506111, 0.7891574138319176, 0.47324093132147416, 0.06899696691308554, 0.20669194788680878, 0.7299954998638915, 0.01611315525616519, 0.3748237182792481, 