{"encoded_solution": [-1, 151, 76, 110, 115, 91, 0, 56, 118, 53, 92], "best_fitness": [-1.0, -1.0, -1.0, -1.0, -1.0, -1.0, -1.0, -1.0, -1.0, -1.0, -1.0], "best_positions": [[0.8815225680620428, 0.765487557372153, 0.6349483395159788, 0.7983434876638931, 0.13670883424173808, 0.12152506244763295, 0.8206028732930275, 0.38407550969488136, 0.4185200422966916, 0.5996473062164698, 0.3077795695930625, 0.7323710060336813, 0.5770923264007796, 0.924029360056098, 0.9024053009489371, 0.8577054369115085, 0.3559480043700498, 0.7377216754579332, 0.5767877244989038, 0.4490238484450201, 0.8210687663976106, 0.8132754414606548, 0.41816760860895563, 0.4110310110431249, 0.6232582266111864, 0.8910885128860283, 0.23873835275109445, 0.26672168212915226, 0.4314921268814431, 0.3811710784267711, 0.857340391231488, 0.771267767921554, 0.43297766061765997, 0.5767186038240407, 0.9960300696013448, 0.3836272859728085, 0.06802775273043149, 0.24233451945387063, 0.8449987797951651, 0.8308845202968239, 0.36273166314252336, 0.856844515333735, 0.3271865148746068, 0.15466875769808586, 0.6619821199516375, 0.028299954469607314, 0.29885657773581775, 0.8597521609304358, 0.9732541823453911, 0.4607714244107839], [0.8815225680620428, 0.8300029095665007, 0.6349483395159788, 0.7983434876638931, 0.13670883424173808, 0.12152506244763295, 0.9387690337343552, 0.38407550969488136, -0.2426748499763891, 0.5996473062164698, 0.3077795695930625, -0.4153453856891184, 0.7243470529034359, -0.5045965753127701, 0.2597741309914642, 0.8577054369115085, 0.3559480043700498, 0.9876811005175062, 0.5462394253423529, 0.4490238484450201, 0.8041966667893554, 0.8132754414606548, 0.41816760860895563, 0.22972957627341428, 0.6232582266111864, 0.7574000274622329, 0.23873835275109445, -0.5987532024584168, 0.4314921268814431, 0.3811710784267711, 0.8721793355627495, 0.7858895532335045, 0.43297766061765997, 1.1005528321662585, 0.9960300696013448, 0.8448782154358367, 0.2602403912120361, 0.2416742590818306, 0.8449987797951651, 0.8308845202968239, 0.2794060249007136, 0.9666792501065246, 0.3271865148746068, 0.35480194158624023, 0.6619821199516375, 0.028299954469607314, 0.31571059556805914, 0.8597521609304358, 0.9732541823453911, 0.4607714244107839], [0.8815225680620428, 0.8300029095665007, 0.6349483395159788, 0.7983434876638931, 0.13670883424173808, 0.12152506244763295, 0.9387690337343552, 0.38407550969488136, -0.2426748499763891, 0.5996473062164698, 0.3077795695930625, -0.4153453856891184, 0.7243470529034359, -0.5045965753127701, 0.2597741309914642, 0.8577054369115085, 0.3559480043700498, 0.9876811005175062, 0.5462394253423529, 0.4490238484450201, 0.8041966667893554, 0.8132754414606548, 0.41816760860895563, 0.22972957627341428, 0.6232582266111864, 0.7574000274622329, 0.23873835275109445, -0.5987532024584168, 0.4314921268814431, 0.3811710784267711, 0.8721793355627495, 0.7858895532335045, 0.43297766061765997, 1.1005528321662585, 0.9960300696013448, 0.8448782154358367, 0.2602403912120361, 0.2416742590818306, 0.8449987797951651, 0.8308845202968239, 0.2794060249007136, 0.9666792501065246, 0.3271865148746068, 0.35480194158624023, 0.6619821199516375, 0.028299954469607314, 0.31571059556805914, 0.8597521609304358, 0.9732541823453911, 0.4607714244107839], [0.8815225680620428, 1.1662838198624284, 0.6349483395159788, 0.7983434876638931, 0.1911839307467334, 0.07698963942883852, 0.9387690337343552, 0.38407550969488136, -0.2426748499763891, 0.5996473062164698, 0.3077795695930625, -0.524682619422951, 0.7243470529034359, -0.5045965753127701, 0.2597741309914642, 0.7814846555744777, 0.45160356071655705, 0.9876811005175062, 0.5462394253423529, 0.4490238484450201, 0.8041966667893554, 0.8132754414606548, 0.41816760860895563, 0.22972957627341428, 0.6232582266111864, 0.8897792935047761, 0.5251213043657865, -0.5987532024584168, 0.4314921268814431, 0.3811710784267711, 0.8721793355627495, 0.6750621756742787, 0.43297766061765997, 1.1005528321662585, 0.9960300696013448, 0.8448782154358367, 0.2602403912120361, 0.04174066662442971, 0.8449987797951651, 0.8308845202968239, 0.2794060249007136, 0.4570660725411342, -0.029627983965814675, 0.35480194158624023, 0.6619821199516375, 0.028299954469607314, 0.31571059556805914, 0.5899156334070104, 0.9732541823453911, 0.6640418104990877], [0.881255519650576, 1.1712307016294963, 0.6313367970833009, 0.7973265331324003, 0.18949460474736712, 0.07462239132291176, 0.94323319855663, 0.38992531575793576, -0.23584537591115173, 0.6050712873377503, 0.30662789284424596, -0.527930429542053, 0.7274904306055908, -0.5002970422905797, 0.262052190850318, 0.7818321821780068, 0.4499404740575937, 0.9914865849823682, 0.5508638926310063, 0.4434101887506626, 0.7962980811773404, 0.813257000364505, 0.41246601914682307, 0.2304364220299469, 0.6268659538862855, 0.889668661909449, 0.5315148318071166, -0.594523552462892, 0.4347265365221864, 0.394000610032033, 0.8743532295140397, 0.6812068244558953, 0.4248082019671283, 1.106132935288082, 0.9964452908543551, 0.8448155309268199, 0.2625826140056439, 0.042913954538444654, 0.8483229236436809, 0.8334204597407227, 0.2804449551332957, 0.44852747141892296, -0.0340678708376313, 0.35875809061003583, 0.6616571883120916, 0.02905055242745508, 0.31611169295269465, 0.5809904447548933, 0.9694875256717773, 0.6518551825296999], [0.881255519650576, 1.1712307016294963, 0.6313367970833009, 0.7973265331324003, 0.18949460474736712, 0.07462239132291176, 0.94323319855663, 0.38992531575793576, -0.23584537591115173, 0.6050712873377503, 0.30662789284424596, -0.527930429542053, 0.7274904306055908, -0.5002970422905797, 0.262052190850318, 0.7818321821780068, 0.4499404740575937, 0.9914865849823682, 0.5508638926310063, 0.4434101887506626, 0.7962980811773404, 0.813257000364505, 0.41246601914682307, 0.2304364220299469, 0.6268659538862855, 0.889668661909449, 0.5315148318071166, -0.594523552462892, 0.4347265365221864, 0.394000610032033, 0.8743532295140397, 0.6812068244558953, 0.4248082019671283, 1.106132935288082, 0.9964452908543551, 0.8448155309268199, 0.2625826140056439, 0.042913954538444654, 0.8483229236436809, 0.8334204597407227, 0.2804449551332957, 0.44852747141892296, -0.0340678708376313, 0.35875809061003583, 0.6616571883120916, 0.02905055242745508, 0.31611169295269465, 0.5809904447548933, 0.9694875256717773, 0.6518551825296999], [5.546787427405327, -0.4620515490502153, 0.9983621217466419, 0.9873120192639901, 0.6316621902334973, 0.9961832150710684, -1.78958863514544, -0.5034536931587119, 0.6553188228812855, 0.35538290483389845, 0.8366109648923833, 8.45992581224477, 0.7961164190544195, -1.2922862646858975, 0.42003393794561966, -0.38450135163452803, 1.543926878991451, 1.877368401319997, 2.002087247893215, 1.1361860331112719, 0.07629902414330025, 0.566107846447726, 1.6379693262385633, -1.3278040819514234, 1.1462901421330978, 0.13750792600430495, 1.8597075903594629, -0.22985308375068947, 0.9333825924608756, -1.769547465051236, 1.2740470123616232, 1.1629321893023037, -2.8389393644805563, 1.3419531626158783, 1.6017735597132825, 0.03480250859483147, 0.46660382326403665, 0.6432037471622896, -0.42563357650222455, 0.0323273478355644, 0.09220186706076833, 2.229791049411105, -0.25398989613914724, -10.870395686107079, 0.29863305256512573, -0.46157183900692234, 0.1311722078304104, 3.6066244469639495, 0.2192867752568815, 1.0020981923671726], [5.561740506356844, -1.1725134109190272, 0.8550033945985611, 1.22118767206277, 0.5493571376694275, 1.1587474931296347, -1.678692725816799, -0.3039769753871746, 0.8849226874386321, -0.107409026338395, 1.1513627611062085, 8.234288453083584, 1.2358181091725295, -1.6116444939627401, -0.27768454412137666, -0.002335532664656581, 2.4626084403876782, 1.340225277196108, 2.5320644310020204, 1.6643061481592065, 0.02001442656340413, 1.1050505560904318, 2.585146313056858, -0.8017767269291547, 1.3566827571996893, 0.5308576814060357, 1.2910444446586697, 0.2863798875860176, 1.465130200451582, -1.120136236043855, 2.2763397862123504, 1.2390732326990568, -3.818849082731835, 2.381957079418729, 1.2224754800838835, 0.09511341639698662, 