{"encoded_solution": [-1, 57, 62, 45, 191, 166, 184, 152, 198, 85, 29], "best_fitness": [-1.0, -1.0, -1.0, -1.0, -1.0, -1.0, -1.0, -1.0, -1.0, -1.0, -1.0], "best_positions": [[0.9836586247934287, 0.9983214813573291, 0.5282365858557851, 0.31800866683529594, 0.28083528656586665, 0.2895724129490421, 0.735880580611794, 0.12452011068725066, 0.298946381642743, 0.05049527960692102, 0.6509143118938024, 0.8937050288452572, 0.945567382672565, 0.7503079153858754, 0.4850942403257672, 0.00552649297109109, 0.017596175960801985, 0.008898816638324591, 0.2816054135474738, 0.29242222702615817, 0.5621203280362643, 0.8141410800927749, 0.6095072145712181, 0.07853593438380524, 0.8304400915178266, 0.5130255725837162, 0.7505622590102374, 0.03871918109419881, 0.7838507146382755, 0.18784770864815548, 0.07418610859901664, 0.5044164577399751, 0.7499585761297468, 0.29134848747789255, 0.0747581243838028, 0.1944770594056966, 0.7890745143516458, 0.7850301673725916, 0.16389286819549698, 0.41862284476646805, 0.8883448195817346, 0.6262819372759375, 0.4331032484548686, 0.5680035612658191, 0.7851204888568736, 0.06332664289681111, 0.37812056706502417, 0.5294782490138601, 0.9494093005388264, 0.3931374455636676], [0.9836586247934287, 0.9983214813573291, 0.5282365858557851, 0.31800866683529594, 0.28083528656586665, 0.2895724129490421, 0.735880580611794, 0.12452011068725066, 0.298946381642743, 0.05049527960692102, 0.6509143118938024, 0.8937050288452572, 0.945567382672565, 0.7503079153858754, 0.4850942403257672, 0.00552649297109109, 0.017596175960801985, 0.008898816638324591, 0.2816054135474738, 0.29242222702615817, 0.5621203280362643, 0.8141410800927749, 0.6095072145712181, 0.07853593438380524, 0.8304400915178266, 0.5130255725837162, 0.7505622590102374, 0.03871918109419881, 0.7838507146382755, 0.18784770864815548, 0.07418610859901664, 0.5044164577399751, 0.7499585761297468, 0.29134848747789255, 0.0747581243838028, 0.1944770594056966, 0.7890745143516458, 0.7850301673725916, 0.16389286819549698, 0.41862284476646805, 0.8883448195817346, 0.6262819372759375, 0.4331032484548686, 0.5680035612658191, 0.7851204888568736, 0.06332664289681111, 0.37812056706502417, 0.5294782490138601, 0.9494093005388264, 0.3931374455636676], [0.9836586247934287, 0.9983214813573291, 0.5282365858557851, 0.31800866683529594, 0.28083528656586665, 0.2895724129490421, 0.735880580611794, 0.12452011068725066, 0.298946381642743, 0.05049527960692102, 0.6509143118938024, 0.8937050288452572, 0.945567382672565, 0.7503079153858754, 0.4850942403257672, 0.00552649297109109, 0.017596175960801985, 0.008898816638324591, 0.2816054135474738, 0.29242222702615817, 0.5621203280362643, 0.8141410800927749, 0.6095072145712181, 0.07853593438380524, 0.8304400915178266, 0.5130255725837162, 0.7505622590102374, 0.03871918109419881, 0.7838507146382755, 0.18784770864815548, 0.07418610859901664, 0.5044164577399751, 0.7499585761297468, 0.29134848747789255, 0.0747581243838028, 0.1944770594056966, 0.7890745143516458, 0.7850301673725916, 0.16389286819549698, 0.41862284476646805, 0.8883448195817346, 0.6262819372759375, 0.4331032484548686, 0.5680035612658191, 0.7851204888568736, 0.06332664289681111, 0.37812056706502417, 0.5294782490138601, 0.9494093005388264, 0.3931374455636676], [0.9836586247934287, 0.9983214813573291, 0.5282365858557851, 0.31800866683529594, 0.28083528656586665, 0.2895724129490421, 0.735880580611794, 0.12452011068725066, 0.298946381642743, 0.05049527960692102, 0.6509143118938024, 0.8937050288452572, 0.945567382672565, 0.7503079153858754, 0.4850942403257672, 0.00552649297109109, 0.017596175960801985, 0.008898816638324591, 0.2816054135474738, 0.29242222702615817, 0.5621203280362643, 0.8141410800927749, 0.6095072145712181, 0.07853593438380524, 0.8304400915178266, 0.5130255725837162, 0.7505622590102374, 0.03871918109419881, 0.7838507146382755, 0.18784770864815548, 0.07418610859901664, 0.5044164577399751, 0.7499585761297468, 0.29134848747789255, 0.0747581243838028, 0.1944770594056966, 0.7890745143516458, 0.7850301673725916, 0.16389286819549698, 0.41862284476646805, 0.8883448195817346, 0.6262819372759375, 0.4331032484548686, 0.5680035612658191, 0.7851204888568736, 0.06332664289681111, 0.37812056706502417, 0.5294782490138601, 0.9494093005388264, 0.3931374455636676], [0.9836586247934287, 0.9983214813573291, 0.5282365858557851, 0.31800866683529594, 0.28083528656586665, 0.2895724129490421, 0.735880580611794, 0.12452011068725066, 0.298946381642743, 0.05049527960692102, 0.6509143118938024, 0.8937050288452572, 0.945567382672565, 0.7503079153858754, 0.4850942403257672, 0.00552649297109109, 0.017596175960801985, 0.008898816638324591, 0.2816054135474738, 0.29242222702615817, 0.5621203280362643, 0.8141410800927749, 0.6095072145712181, 0.07853593438380524, 0.8304400915178266, 0.5130255725837162, 0.7505622590102374, 0.03871918109419881, 0.7838507146382755, 0.18784770864815548, 0.07418610859901664, 0.5044164577399751, 0.7499585761297468, 0.29134848747789255, 0.0747581243838028, 0.1944770594056966, 0.7890745143516458, 0.7850301673725916, 0.16389286819549698, 0.41862284476646805, 0.8883448195817346, 0.6262819372759375, 0.4331032484548686, 0.5680035612658191, 0.7851204888568736, 0.06332664289681111, 0.37812056706502417, 0.5294782490138601, 0.9494093005388264, 0.3931374455636676], [0.9836586247934287, 0.9983214813573291, 0.5282365858557851, 0.31800866683529594, 0.28083528656586665, 0.2895724129490421, 0.735880580611794, 0.12452011068725066, 0.298946381642743, 0.05049527960692102, 0.6509143118938024, 0.8937050288452572, 0.945567382672565, 0.7503079153858754, 0.4850942403257672, 0.00552649297109109, 0.017596175960801985, 0.008898816638324591, 0.2816054135474738, 0.29242222702615817, 0.5621203280362643, 0.8141410800927749, 0.6095072145712181, 0.07853593438380524, 0.8304400915178266, 0.5130255725837162, 0.7505622590102374, 0.03871918109419881, 0.7838507146382755, 0.18784770864815548, 0.07418610859901664, 0.5044164577399751, 0.7499585761297468, 0.29134848747789255, 0.0747581243838028, 0.1944770594056966, 0.7890745143516458, 0.7850301673725916, 0.16389286819549698, 0.41862284476646805, 0.8883448195817346, 0.6262819372759375, 0.4331032484548686, 0.5680035612658191, 0.7851204888568736, 0.06332664289681111, 0.37812056706502417, 0.5294782490138601, 0.9494093005388264, 0.3931374455636676], [0.9836586247934287, 0.9983214813573291, 0.5282365858557851, 0.31800866683529594, 0.28083528656586665, 0.2895724129490421, 0.735880580611794, 0.12452011068725066, 0.298946381642743, 0.05049527960692102, 0.6509143118938024, 0.8937050288452572, 0.945567382672565, 0.7503079153858754, 0.4850942403257672, 0.00552649297109109, 0.017596175960801985, 0.008898816638324591, 0.2816054135474738, 0.29242222702615817, 0.5621203280362643, 0.8141410800927749, 0.6095072145712181, 0.07853593438380524, 0.8304400915178266, 0.5130255725837162, 0.7505622590102374, 0.03871918109419881, 0.7838507146382755, 0.18784770864815548, 0.07418610859901664, 0.5044164577399751, 0.7499585761297468, 0.29134848747789255, 0.0747581243838028, 0.1944770594056966, 0.7890745143516458, 0.7850301673725916, 0.16389286819549698, 0.41862284476646805, 0.8883448195817346, 0.6262819372759375, 0.4331032484548686, 0.5680035612658191, 0.7851204888568736, 0.06332664289681111, 0.37812056706502417, 0.5294782490138601, 0.9494093005388264, 0.3931374455636676], [0.9836586247934287, 0.9983214813573291, 0.5282365858557851, 0.31800866683529594, 0.28083528656586665, 0.2895724129490421, 0.735880580611794, 0.12452011068725066, 0.298946381642743, 0.05049527960692102, 0.6509143118938024, 0.8937050288452572, 0.945567382672565, 0.7503079153858754, 0.4850942403257672, 0.00552649297109109, 0.017596175960801985, 0.008898816638324591, 0.2816054135474738, 0.29242222702615817, 0.5621203280362643, 0.8141410800927749, 0.6095072145712181, 0.07853593438380524, 0.8304400915178266, 0.5130255725837162, 0.7505622590102374, 0.03871918109419881, 0.7838507146382755, 0.18784770864815548, 0.07418610859901664, 0.5044164577399751, 0.7499585761297468, 0.29134848747789255, 