{"encoded_solution": [-1, 119, 124, 30, 66, 153, 24, 190, 95, 168, 158], "best_fitness": [0.0, 0.0, 0.0, 0.0, 0.0, 0.0, 0.0, 0.0, 0.0, 0.0, 0.0], "best_positions": [[4.2267312561960395], [4.2267312561960395], [NaN], [NaN], [NaN], [NaN], [NaN], [NaN], [NaN], [NaN], [NaN]], "details": {"fitness_per_rep": [[0.0, 0.0, 0.0, 0.0, 0.0, 0.0, 0.0, 0.0, 0.0, 0.0, 0.0], [0.0, 0.0, 0.0, 0.0, 0.0, 0.0, 0.0, 0.0, 0.0, 0.0, 0.0], [0.0, 0.0, 0.0, 0.0, 0.0, 0.0, 0.0, 0.0, 0.0, 0.0, 0.0]], "sequence_per_rep": [[-1, 38, 100, 5, 113, 21, 190, 72, 50, 71, 159], [-1, 124, 30, 23, 153, 3, 132, 95, 197, 193, 41], [-1, 119, 124, 30, 66, 153, 24, 190, 95, 168, 158]], "weight_matrix": null}}