{"encoded_solution": [-1, 10, 35, 64, 129, 18, 57, 94, 156, 21, 110], "best_fitness": [-1.0, -1.0, -1.0, -1.0, -1.0, -1.0, -1.0, -1.0, -1.0, -1.0, -1.0], "best_positions": [[0.8562296664577614, 0.04843370806813885, 0.7149004398861294, 0.03806698531719921, 0.0039301974606907875, 0.26715666917776604, 0.7566748918600169, 0.08280886920988006, 0.6643679588801508, 0.35320026469433297, 0.8630536982962606, 0.6530619180937626, 0.3573706631260466, 0.796467272678829, 0.5651051214100969, 0.5643596050553802, 0.3220958295971327, 0.7204654885648424, 0.2881201024976777, 0.48809520030757114, 0.9613434544961599, 0.48676286385397183, 0.4958278032614041, 0.5670778865595936, 0.12809701180879884, 0.49250804299819795, 0.8489677489340112, 0.21694302322950132, 0.548053279592533, 0.5847751130968831, 0.01653168037986874, 0.6021175011856555, 0.901368098356886, 0.7672559135850137, 0.48049399280657723, 0.3630998893863573, 0.14888397814322374, 0.4631422660079393, 0.3845196596071959, 0.1288138692619425, 0.32804676888179174, 0.5354058651789738, 0.5018953519556321, 0.7892852272806239, 0.10347191431734559, 0.7322424608357666, 0.8341231669290315, 0.10103414786212395, 0.9112924977997525, 0.752762105888143], [0.9624838166403346, -0.052384964531026146, 0.5796869266336684, -0.7939061141817787, -0.02424752912948447, 0.3388589308623964, 0.39811472710595097, -0.018410943061208385, 1.2944567301724468, 0.3677951744439746, 1.1938000157930329, -0.051498472852019694, -0.11013133492762972, 0.4571829268400822, 1.033029852004713, 0.5531407456545094, 0.6902347781979287, 1.014835932133622, -0.33175532658944284, 0.5810444854566892, 0.48447670957396805, 0.48883411879520333, 0.570478996159254, 0.12680412190042856, -0.3328065217992324, 0.5438516291722835, 0.9705277617950042, 0.4685804956186588, 0.2882387923641493, 1.0303338199489342, -0.0754335414858407, 1.398157817287487, 1.189053826796693, 0.36700441000019446, -0.3886227767821826, 0.2458923167978948, 0.2705545731660226, -0.029283006253763566, 0.8232460673127329, -0.20576856678064337, 0.43225377320668024, 0.8300184148385621, 0.4878671246560333, 0.41401743627237386, 0.1977760190385386, 0.20475181975694168, 0.7615731492303, 0.9931383751096152, 1.3390977596268956, 0.4957221866146757], [0.6435102142437079, 0.964594125490851, 0.6595342308278627, -0.2875745166657181, -0.4250746867684627, -0.7140394792018054, 0.05721243306409718, -1.1685953030899001, 1.9461959353086022, 1.997297266250697, 2.2259349358274463, 0.5199613518389541, -0.06540714887564247, 0.8453517939597819, -0.013922741471169564, -0.6663692233204466, 0.9709007580445856, 1.7619184468224802, 0.882077854494506, 0.512156020458119, 0.1281181572415519, 1.2224960858323095, 0.3420047172528924, 0.2846739474709713, -0.7471767650837102, 1.8971564948132904, -0.30126075561287624, 0.5742992432120583, -0.1886394866343214, 0.3595445617806547, 0.16129116745399547, 1.7484082720174512, 1.8092555031413258, 1.3946239357742063, -1.8871420623325532, -0.5148360300086741, 0.35225546935231233, -0.9770508326483576, 1.856031611345633, -1.9286301950636844, 0.41314692405285736, 1.714072014437054, 0.9120301549286172, 0.7564859649710861, 1.1806878039867639, 1.0796590139694282, 0.5738121695500032, 1.5333461629854865, 0.23551336625151964, -0.5521777336108611], [0.6435102142437079, 0.964594125490851, 0.6595342308278627, -0.2875745166657181, -0.4250746867684627, -0.7140394792018054, 0.05721243306409718, -1.1685953030899001, 1.9461959353086022, 1.997297266250697, 2.2259349358274463, 0.5199613518389541, -0.06540714887564247, 0.8453517939597819, -0.013922741471169564, -0.6663692233204466, 0.9709007580445856, 1.7619184468224802, 0.882077854494506, 0.512156020458119, 0.1281181572415519, 1.2224960858323095, 0.3420047172528924, 0.2846739474709713, -0.7471767650837102, 1.8971564948132904, -0.30126075561287624, 0.5742992432120583, -0.1886394866343214, 0.3595445617806547, 0.16129116745399547, 1.7484082720174512, 1.8092555031413258, 1.3946239357742063, -1.8871420623325532, -0.5148360300086741, 0.35225546935231233, -0.9770508326483576, 1.856031611345633, -1.9286301950636844, 0.41314692405285736, 1.714072014437054, 0.9120301549286172, 0.7564859649710861, 1.1806878039867639, 1.0796590139694282, 0.5738121695500032, 1.5333461629854865, 0.23551336625151964, -0.5521777336108611], [0.5624102709266146, 0.9625624816051679, 0.6610303024177688, -0.28948933573289015, -0.4279210169889174, -1.0135087834397931, 0.059311580132910824, -1.1669219182484611, 1.9497999004202562, 2.0788443085017123, 2.228250665367728, 0.5206117243252378, -0.0664512125090484, 0.840774858331572, -0.012252906263786167, -0.669199023926121, 0.9672734652896002, 1.7605523778886716, 0.8806711017213482, 0.514310884000217, 0.7576201115381811, 1.2212844298927419, 0.3403791284812798, 0.2811257918020019, -0.7497643202059991, 1.8933185418669214, -0.30082080166695746, 0.575782687236154, -0.191061265029838, 0.3590805952754749, 0.16050398300421737, 1.749675160784769, -0.8946544231789308, 1.3981636323887083, -1.8868828574190952, -0.5167130696469866, 0.349379655560356, -0.4778232068497924, 1.8549900535063752, -1.930414789663323, -1.1602718773609602, 1.714908498528338, 0.9163937822811321, 0.7538103860771045, 1.1836027016386597, 1.0811779181484127, 0.9930021959288488, 1.5353027833752322, 1.3854254831721042, -0.5514976054351832], [3.45143142741125, -5.180053808339416, 8.40759301652598, 15.445635611742764, 4.552121482810358, -17.398236914874726, 4.896512878241201, -12.360232405569004, 14.504372763278969, 24.816439166968774, 4.425128189303718, 5.439514709349167, 14.1056142154229, 9.217910101177047, -4.139944268332421, -2.612929001248076, 2.872319199588183, 21.08288489954834, 8.987603435922, -3.3020653038501067, -17.378814442948837, -5.112696176044414, 2.7510526346872863, 1.4594881025981987, 12.68502019076648, 4.900774630860168, -20.314999319471724, 10.26102545600298, 4.501758923480811, -0.7604029939977792, -20.111176622427372, 6.425282478818689, -16.746212312134737, -11.310575360365455, -43.916253145545774, -7.400084601604107, -2.041356078444778, 0.9522122133895021, 8.007230839818035, -30.202145596584764, -18.01054698413909, -17.44120469133834, -2.5526825748624002, -33.89196972896972, -5.694433489385343, -21.59862583305772, 5.797615380242913, -7.544786227874637, 25.013715187957786, 6.827370830556264], [1.3881399471747522, 1.2770158066868407, 1.2078091245011886, 1.243755301798819, 1.6554466173946145, 4.028847425742861, -0.4754498227416253, -1.464993156778576, -3.4429892814429772, 3.8099441517340895, 0.1692919538266653, 1.4609324773879804, 7.705640099109839, -0.9714981080520217, -1.5011914043584267, 2.1654100220787744, 2.900349421847113, 3.322875074644723, 1.198350386797842, 0.6782377246778408, -0.4053897149315302, 1.314561927866464, -4.164157275646749, -0.6914424838778137, -0.14585577884437928, 1.9466213964473744, -1.4741342609189196, -1.9986369345032893, 0.22073599125828702, 0.8280629888274142, -4.194985865388074, 16.634412448519775, 2.8595240757322093, 4.515863632824362, -4.087013528069993, -1.476368196548239, 3.7973492592483686, 0.2374113956801105, 2.190906671065778, -3.6259232716178316, -0.18777868682353838, -6.115086977784235, 1.7548813381103243, -2.8767277680932724, -1.9047301522515303, 1.1409375719266963, -0.8851906975398216, -4.413614865400329, 1.8869757713587436, 0.11067952151359928], [1.3881399471747522, 1.2770158066868407, 1.2078091245011886, 1.243755301798819, 1.6554466173946145, 4.028847425742861, -0.4754498227416253, -1.464993156778576, -3.4429892814429772, 3.8099441517340895, 0.1692919538266653, 1.4609324773879804, 7.705640099109839, -0.9714981080520217, -1.5011914043584267, 2.1654100220787744, 2.900349421847113, 3.322875074644723, 1.198350386797842, 0.6782377246778408, -0.4053897149315302, 1.314561927866464, -4.164157275646749, -0.6914424838778137, -0.14585577884437928, 1.9466213964473744, -1.4741342609189196, -1.9986369345032893, 0.22073599125828702, 0.8280629888274142, -4.194985865388074, 16.634412448519775, 2.8595240757322093, 4.515863632824362, -4.087013528069993, -1.476368196548239, 