{"encoded_solution": [-1, 43, 0, 155, 126, 74, 18, 0, 39, 137, 57], "best_fitness": [-1.0, -1.0, -1.0, -1.0, -1.0, -1.0, -1.0, -1.0, -1.0, -1.0, -1.0], "best_positions": [[0.10994861874064432, 0.6710873178677127, 0.412597592959701, 0.09956486635000983, 0.39694946771753337, 0.7699502787456797, 0.8710064980933634, 0.9223707053744903, 0.5540292097950802, 0.12498026612712643, 0.1892543935869635, 0.6999698399741309, 0.43357750046777666, 0.9898121806455643, 0.7666930478860677, 0.6254636151354542, 0.5039158079489326, 0.4519084890431463, 0.7621323776495141, 0.7504666919663692, 0.9065567778999664, 0.27989106429045196, 0.41668849525302243, 0.18430111599039445, 0.026539335525038177, 0.36435807724843305, 0.3155064700413823, 0.9675570716732682, 0.6619824108312408, 0.5988770065132937, 0.408803404669123, 0.3127648112568052, 0.6961043271740577, 0.7007206473460692, 0.45464628083586145, 0.40581710064201215, 0.14694195840298907, 0.5372070796035278, 0.04493571553661069, 0.98692455466262, 0.3829607281169569, 0.9586684150418027, 0.6473587437513183, 0.579736604371504, 0.32749795425287165, 0.142407445420063, 0.6666433352776937, 0.660557472165992, 0.0817703033753775, 0.9269669936069316], [0.10994861874064432, 0.6710873178677127, 0.412597592959701, 0.09956486635000983, 0.39694946771753337, 0.7699502787456797, 0.8710064980933634, 0.9223707053744903, 0.5540292097950802, 0.12498026612712643, 0.1892543935869635, 0.6999698399741309, 0.43357750046777666, 0.9898121806455643, 0.7666930478860677, 0.6254636151354542, 0.5039158079489326, 0.4519084890431463, 0.7621323776495141, 0.7504666919663692, 0.9065567778999664, 0.27989106429045196, 0.41668849525302243, 0.18430111599039445, 0.026539335525038177, 0.36435807724843305, 0.3155064700413823, 0.9675570716732682, 0.6619824108312408, 0.5988770065132937, 0.408803404669123, 0.3127648112568052, 0.6961043271740577, 0.7007206473460692, 0.45464628083586145, 0.40581710064201215, 0.14694195840298907, 0.5372070796035278, 0.04493571553661069, 0.98692455466262, 0.3829607281169569, 0.9586684150418027, 0.6473587437513183, 0.579736604371504, 0.32749795425287165, 0.142407445420063, 0.6666433352776937, 0.660557472165992, 0.0817703033753775, 0.9269669936069316], [-0.1744470564521743, 0.5238456446342344, 1.0606591679404205, 0.024066822634476515, 1.0275766541219944, 0.5028338700948676, 0.583638998072693, 0.7175665050282034, 0.7120222736251778, 0.5368434988327472, 0.0699565572256921, 1.154460328861641, 0.6643428897303768, 1.2459338818654793, 1.2363001939103913, 0.17108615407090189, 0.6142440811337315, 0.41580918136637807, 0.5835138572858906, 1.0025846703568533, 0.26783171828109587, 0.5927415490576797, 0.06796896096901522, -0.3589566367601277, -3.610600934238273, -0.08788466220997981, 0.4812730107403537, 0.7565301642456354, 0.5753042851025882, 0.907701765924958, 1.6317231887421204, -0.03675119898355306, 0.72191492347184, 1.5462965369500798, 0.813943245978034, 0.4517202515571447, -0.3167576698628348, 0.7349094097326083, -0.9211474179673256, 1.1178772808574569, -0.18844459993121054, 0.8323956139902835, 0.11166769164117307, 0.5455105530764432, 0.6227295742253649, 0.40381000548164, 0.9516499285615138, 0.8991501768602908, 0.5516159169197761, 0.5966736828807799], [-0.1744470564521743, 0.5238456446342344, 1.0606591679404205, 0.024066822634476515, 1.0275766541219944, 1.2987775204959067, 0.7377787652365833, -1.348211566260384, 0.7120222736251778, 0.5368434988327472, -0.6420245762129653, 1.154460328861641, 0.6643428897303768, 1.3661833132337073, 1.2363001939103913, 0.17108615407090189, 0.6142440811337315, -0.49227717732208776, 0.5835138572858906, 1.0025846703568533, 0.638278326341085, 0.7104327130084538, 0.06796896096901522, -0.5310735213832034, -3.610600934238273, -0.08788466220997981, 0.4812730107403537, 0.7565301642456354, 0.5753042851025882, 0.907701765924958, -0.4246440902078714, -0.03675119898355306, 0.735253705951467, 1.5462965369500798, 0.4501115879106629, 0.4517202515571447, -0.3167576698628348, 0.582984018227227, -0.9211474179673256, 1.3238357178761264, -0.18575768064953768, 0.7915302138093601, -0.3786985201949077, 0.5455105530764432, 0.6227295742253649, 0.40381000548164, 0.9516499285615138, 2.1064644330800766, 0.5516159169197761, 0.5966736828807799], [-0.17405393332296504, 0.5199571377074511, 1.0626239034071439, 0.015439270987239184, 1.0388093881805138, 1.30044162194176, 0.7374051634383243, -1.3496061962628707, 0.7149457115102879, 0.5325698626289934, -0.6798903789199215, 1.153737436095255, 0.6507668015665485, 1.3663707114206403, 1.236718285870642, 0.17236373832437735, 0.6256455895905122, -0.495602544813164, 0.5919906044229052, 1.0021423220664234, 0.6393142520274759, 0.7216629093658404, 0.0684376108307792, -0.5315980038835566, -3.625042749936026, -0.09295447562044634, 0.47568356668194184, 0.7595520696544029, 0.5882602294078643, 0.8862531352569215, -0.42559075848009076, -0.0430418676962081, 0.7317488214301605, 1.5395187514764075, 0.4545006807134055, 0.45100963552668427, -0.3159346768451734, 0.5802620193664572, -0.9245017260816402, 1.320239313605669, -0.19560003700212825, 0.7910076873129792, -0.3762208725636611, 0.5404607430377858, 0.6222847121387718, 0.40329758293417745, 0.9185550928184436, 2.106186888310141, 0.5518050439268143, 0.5875478569514309], [-0.17405393332296504, 0.5199571377074511, 1.0626239034071439, 0.015439270987239184, 1.0388093881805138, 1.30044162194176, 0.7374051634383243, -1.3496061962628707, 0.7149457115102879, 0.5325698626289934, -0.6798903789199215, 1.153737436095255, 0.6507668015665485, 1.3663707114206403, 1.236718285870642, 0.17236373832437735, 0.6256455895905122, -0.495602544813164, 0.5919906044229052, 1.0021423220664234, 0.6393142520274759, 0.7216629093658404, 0.0684376108307792, -0.5315980038835566, -3.625042749936026, -0.09295447562044634, 0.47568356668194184, 0.7595520696544029, 0.5882602294078643, 0.8862531352569215, -0.42559075848009076, -0.0430418676962081, 0.7317488214301605, 1.5395187514764075, 0.4545006807134055, 0.45100963552668427, -0.3159346768451734, 0.5802620193664572, -0.9245017260816402, 1.320239313605669, -0.19560003700212825, 0.7910076873129792, -0.3762208725636611, 0.5404607430377858, 0.6222847121387718, 0.40329758293417745, 0.9185550928184436, 2.106186888310141, 0.5518050439268143, 0.5875478569514309], [-0.6485352436696328, 1.3609018535090098, 2.0741179646691745, -0.49559418770597785, 1.262596412833363, 0.7659650393711348, 0.04225981648175492, -7.453417420389441, 0.8380744327187765, -1.0167327430884368, -1.0109510452259622, 2.8775597466914724, 0.07408853429061524, 2.984454790213376, 4.3948324557959095, -0.6949002558217097, -0.002889168979032908, -1.402138408971009, -1.076811115359981, 2.3405687308834864, 0.7927643763307932, 1.3247524515055489, 0.19879623108301292, -6.925299184153236, -9.131701412711617, 0.20832142691452543, 0.7134492678559652, -0.9596600511654103, 1.0098874712794526, 2.1500687772407243, -0.945183882977652, -0.3926275677253126, 0.4719889582736725, 2.3042722219354905, 0.11630535191075392, -1.3915691730192545, 0.6831441076965865, 0.9260951164524339, -2.1777698041860765, 4.001320164015548, -0.05852616468107974, 2.5149395691304175, -0.09577219799187608, -0.5189278447461514, 1.4133189165911086, 2.4652695252989307, 2.3057782830708256, 4.336674744686834, -1.5084782286195013, 0.7118827570791035], [-0.7582575870656849, 0.46716240839913253, 0.26598438623924836, -0.6414119534266225, 1.6570722831188278, 1.2138661472877443, 0.4971471164560082, -1.447776949967801, 1.0508695369077878, 0.06488603626917133, -1.1800284561069514, 0.5709428115633017, 0.26802566208809653, 1.1271694913048758, 2.0165501510380164, 0.898723480997871, 0.391880471472665, -0.8466256301461406, 0.5152118650841516, 0.8963219569359828, -0.10893794481479735, 0.6493525199955617, 0.5804273707204617, -0.8663240106997558, -3.781991899070893, 0.055365224282984404, 0.26550015323852943, 0.009199882091399048, 0.7120858352008959, 1.206744971315759, -0.5389224435977558, 0.3173537463130044, 0.46582984275104367, 2.226592206219155, 0.4174585842813256, 